nflId,num_snaps,estimate,height,weight,birthDate,collegeName,officialPosition,displayName
29550,186,1.39410363691529,6-4,328,1982-01-22,Arkansas,T,Jason Peters
30842,17,1.5185004484798,6-6,267,1984-05-19,UCLA,TE,Marcedes Lewis
30869,217,-0.527701264890986,6-7,330,1981-12-12,Louisiana State,T,Andrew Whitworth
33107,205,-0.415494171777972,6-4,315,1985-08-30,Virginia Tech,T,Duane Brown
33131,193,3.00163889203984,6-8,300,1986-09-01,Miami,DE,Calais Campbell
34465,22,6.28902840679491,6-0,204,1987-12-20,Ohio State,SS,Malcolm Jenkins
34540,12,1.06257849902927,6-5,254,1987-04-07,South Carolina,TE,Jared Cook
34654,4,4.64687860219855,5-11,195,1987-08-13,Rutgers,FS,Jason McCourty
34777,53,4.92674101864676,6-3,310,1986-01-03,Troy,NT,Steve McLendon
35441,180,4.93552919995748,6-4,313,1987-01-06,Nebraska,DE,Ndamukong Suh
35442,5,2.86472243469463,6-4,300,1988-02-25,Oklahoma,DT,Gerald McCoy
35449,36,8.49589150795064,6-3,304,1987-05-12,California,DE,Tyson Alualu
35452,29,8.58449513519993,6-2,265,1988-04-03,Michigan,DE,Brandon Graham
35454,150,2.57791662353415,6-5,275,1989-01-01,South Florida,DE,Jason Pierre-Paul
35459,2,7.38013796158734,5-10,185,1988-04-10,Alabama,SS,Kareem Jackson
35466,4,8.25313006279684,5-10,195,1987-08-13,Rutgers,FS,Devin McCourty
35470,112,3.81992507467967,6-2,254,1988-08-13,Texas Christian,DE,Jerry Hughes
35481,14,-0.0506137350354257,6-6,265,1989-05-14,Arizona,TE,Rob Gronkowski
35485,93,7.10707956352492,6-4,329,1988-10-10,East Carolina,NT,Linval Joseph
35493,128,4.21343016623532,6-6,285,1989-02-28,Florida,OLB,Carlos Dunlap
35522,36,8.34526618951554,6-3,335,1988-06-08,Kentucky,DT,Corey Peters
35534,4,-1.83263497874448,6-7,265,1986-11-24,Miami,TE,Jimmy Graham
35539,128,2.31172671520344,6-3,273,1987-12-22,Southern California,DE,Everson Griffen
35562,119,5.03869127872755,6-4,330,1987-03-25,Louisiana State,DT,Al Woods
37075,160,3.14525918625432,6-3,250,1989-03-26,Texas A&amp;M,OLB,Von Miller
37082,209,-0.0655911721479339,6-5,320,1990-12-12,Southern California,T,Tyron Smith
37084,188,8.17535046681415,6-5,288,1989-03-22,Wisconsin,DE,J.J. Watt
37087,123,5.05271757636572,6-4,257,1990-05-18,North Carolina,OLB,Robert Quinn
37089,68,4.40426660103345,6-4,265,1988-08-16,Purdue,DE,Ryan Kerrigan
37090,247,-0.668285961017289,6-8,325,1988-04-12,Colorado,T,Nate Solder
37097,196,2.94838122824553,6-4,287,1989-07-10,California,DE,Cameron Jordan
37100,2,7.01260878042113,6-2,210,1988-07-26,Colorado,CB,Jimmy Smith
37101,11,-1.41124651272185,5-9,215,1989-12-21,Alabama,RB,Mark Ingram
37104,174,4.70595582179101,6-5,295,1989-05-06,Ohio State,DT,Cameron Heyward
37112,6,7.54190376937023,6-3,268,1989-05-10,Pittsburgh,DE,Jabaal Sheard
37118,39,-0.270510650828442,6-6,265,1989-11-09,Notre Dame,TE,Kyle Rudolph
37130,143,1.42483621208738,6-2,315,1989-07-12,Florida State,C,Rodney Hudson
37145,138,8.26121939853135,6-3,270,1989-01-21,Georgia,OLB,Justin Houston
37179,3,0.655407706445578,6-5,253,1988-07-17,Tennessee,TE,Luke Stocker
37213,106,0.326041078213385,6-6,335,1988-05-06,Texas Christian,T,Marcus Cannon
37229,4,6.80455227681718,6-3,195,1988-03-30,Stanford,CB,Richard Sherman
37234,30,1.04613180363892,6-6,265,1987-11-21,Marshall,TE,Lee Smith
37240,83,4.91523642847714,6-3,265,1988-12-17,Mississippi State,OLB,Pernell McPhee
37266,242,1.49770694077145,6-3,295,1987-11-05,Cincinnati,C,Jason Kelce
37308,75,2.86863976904018,6-4,315,1990-03-17,Arizona State,DT,Lawrence Guy
37317,7,7.98409177021695,6-0,225,1989-07-05,Southern California,MLB,Malcolm Smith
37724,1,5.16577798945992,5-10,199,1989-06-18,Kansas,CB,Chris Harris
37778,5,2.27329615365545,6-1,235,1989-08-24,Auburn,ILB,Josh Bynes
37841,90,6.84577230715068,6-3,260,1987-09-06,Troy,DE,Mario Addison
38542,159,7.00801720969605,6-4,310,1990-12-13,Mississippi State,DT,Fletcher Cox
38544,126,8.8239075051349,6-5,305,1990-12-21,Louisiana State,DE,Michael Brockers
38548,123,6.55885266841152,6-2,247,1989-04-26,South Carolina,OLB,Melvin Ingram
38551,145,5.31696382504204,6-5,265,1990-02-27,Syracuse,OLB,Chandler Jones
38553,223,-0.335031755647031,6-6,305,1988-12-01,Iowa,T,Riley Reiff
38555,50,7.54884122409934,6-3,260,1990-03-12,Alabama,OLB,Dont'a Hightower
38556,111,3.31732007946366,6-4,258,1990-07-21,Illinois,DE,Whitney Mercilus
38557,257,0.922294726277397,6-4,315,1990-03-08,Wisconsin,G,Kevin Zeitler
38559,10,4.81798534622259,6-2,214,1989-02-02,Notre Dame,SS,Harrison Smith
38577,20,8.22192772344636,6-0,242,1990-06-27,Utah State,MLB,Bobby Wagner
38588,27,8.37477240348704,6-1,233,1990-01-23,Nebraska,ILB,Lavonte David
38606,39,-0.585956645380832,6-5,335,1989-08-19,"Miami, O.",G,Brandon Brooks
38607,51,8.3507955225163,6-2,248,1989-01-11,Arkansas State,ILB,Demario Davis
38619,80,3.99359293004431,6-4,352,1989-11-16,"Regina, Can.",DT,Akiem Hicks
38642,266,0.411748300963246,6-6,325,1989-08-01,Mississippi,T,Bobby Massie
38667,173,8.621186905085,6-5,290,1990-01-11,Tennessee,DT,Malik Jackson
38696,2,-0.761877692081724,6-2,198,1990-03-12,California,WR,Marvin Jones
38868,1,6.29819570756085,6-1,212,1990-08-07,Wyoming,FS,Tashaun Gipson
39008,4,7.72329415797706,6-1,230,1990-09-02,Wagner,OLB,Julian Stanford
39212,20,-1.60589486272398,5-11,220,1990-01-26,Mississippi,RB,Brandon Bolden
39907,12,-0.284119002723244,6-7,270,1986-04-22,California-Irvine,TE,Darren Fells
39908,2,2.36454044711641,6-2,220,1990-04-02,"California, Pa.",FS,Erik Harris
39941,1,2.39161717320245,5-10,207,1990-02-26,Southern Methodist,FS,Chris Banjo
39947,160,-0.778490168484931,6-7,315,1991-01-05,Central Michigan,T,Eric Fisher
39950,119,0.646665202273618,6-6,317,1990-05-08,Oklahoma,T,Lane Johnson
39959,108,2.66126955492154,6-3,294,1990-11-29,Missouri,DT,Sheldon Richardson
39960,88,5.21407980570906,6-2,318,1989-12-20,Utah,DT,Star Lotulelei
39965,188,0.0049449635787248,6-5,311,1990-08-15,Syracuse,G,Justin Pugh
39975,14,-1.57467299859127,6-2,238,1991-03-17,Tennessee,RB,Cordarrelle Patterson
39976,9,5.99758505452387,6-2,235,1991-09-25,Georgia,ILB,Alec Ogletree
39983,6,-1.71084275242522,6-5,250,1990-11-10,Stanford,TE,Zach Ertz
39985,10,1.75150914985211,5-9,205,1991-11-22,North Carolina,RB,Giovani Bernard
39989,5,-0.132030851838483,6-0,193,1992-04-10,Southern California,WR,Robert Woods
39993,14,8.42150021890177,6-0,246,1990-12-03,Louisiana State,ILB,Kevin Minter
39996,12,-1.75123624624979,6-1,225,1992-02-18,Michigan State,RB,Le'Veon Bell
39997,120,8.45167718298519,6-3,340,1992-03-30,Ohio State,NT,Johnathan Hankins
39998,12,2.08278030998315,6-1,245,1991-05-05,Florida,OLB,Jon Bostic
40000,8,5.7687207409887,6-3,255,1989-10-20,Southern Mississippi,OLB,Jamie Collins
40001,5,5.78184916834058,6-8,295,1987-07-14,Southern Methodist,DT,Margus Hunt
40008,1,5.63195521262289,5-10,186,1988-11-01,Southeastern Louisiana,CB,Robert Alford
40011,6,1.288631604436,6-5,260,1989-10-05,Cincinnati,TE,Travis Kelce
40017,14,2.33185026390209,5-9,190,1992-05-13,Louisiana State,SS,Tyrann Mathieu
40023,87,1.61143656940364,6-5,304,1991-07-23,Arkansas-Pine Bluff,T,Terron Armstead
40030,54,8.08976289105502,6-3,327,1989-07-11,Georgia,NT,John Jenkins
40031,14,5.79255573446737,5-11,195,1991-02-09,Rutgers,FS,Logan Ryan
40039,5,8.28386494626742,6-1,205,1991-01-24,Rutgers,SS,Duron Harmon
40042,94,8.31871214483735,6-1,336,1989-02-21,Missouri Southern,NT,Brandon Williams
40051,108,7.41232187803122,6-4,260,1991-02-08,Texas,DE,Alex Okafor
40070,218,-0.602375358251986,6-4,307,1991-02-12,Cornell,C,J.C. Tretter
40074,105,7.59715123468028,6-6,281,1991-07-31,Michigan State,DE,William Gholston
40077,10,2.36648481128684,6-2,260,1990-10-14,Ohio State,DE,John Simon
40089,167,0.755503504058952,6-5,315,1991-06-05,Virginia,G,Oday Aboushi
40095,124,3.23279015295505,6-3,263,1990-09-16,Buffalo,OLB,Steven Means
40096,4,6.95248080584774,6-1,240,1991-07-30,Iowa State,OLB,A.J. Klein
40107,4,5.1851358655327,6-0,197,1990-12-31,Iowa,FS,Micah Hyde
40129,26,1.16500392751318,6-3,230,1990-01-18,Central Florida,RB,Latavius Murray
40138,6,0.116111760021006,5-10,215,1990-07-02,Nebraska,RB,Rex Burkhead
40151,272,0.402622607827906,6-4,319,1991-05-27,Colorado State-Pueblo,C,Ryan Jensen
40166,5,3.69198216438546,6-0,191,1991-04-25,Oregon State,SS,Jordan Poyer
40171,128,3.53558837804562,6-4,309,1990-02-21,Samford,DE,Nicholas Williams
40253,6,5.72245477789429,6-3,249,1990-08-26,Florida,DE,Lerentee McCray
40347,67,3.16673193334534,6-3,328,1991-04-20,Wyoming,NT,Mike Purcell
40463,16,3.26964135227333,6-3,263,1991-07-02,Pennsylvania,OLB,Brandon Copeland
40608,49,8.44335445502278,6-2,293,1989-02-06,Alabama,NT,Damion Square
40641,13,-0.553273187755372,6-6,262,1990-05-05,Western Kentucky,TE,Jack Doyle
40688,6,2.98913694462375,6-0,191,1991-08-16,Central Florida,CB,A.J. Bouye
40825,55,5.65252713663234,6-3,265,1991-08-03,Idaho,OLB,Benson Mayowa
41222,252,-0.141242113032761,6-9,320,1988-09-22,Army,T,Alejandro Villanueva
41227,149,2.74923793468274,6-5,255,1993-02-14,South Carolina,DE,Jadeveon Clowney
41231,142,3.6401948331176,6-3,269,1991-02-22,Buffalo,OLB,Khalil Mack
41232,256,0.0801232973535564,6-5,309,1992-02-11,Texas A&amp;M,T,Jake Matthews
41235,12,2.16539444659423,6-5,255,1992-03-18,UCLA,OLB,Anthony Barr
41239,238,7.74079285861607,6-1,280,1991-05-23,Pittsburgh,DT,Aaron Donald
41243,28,6.66279134119208,6-2,250,1992-06-19,Alabama,ILB,C.J. Mosley
41249,84,3.19664422047493,6-2,252,1991-03-19,Auburn,DE,Dee Ford
41256,7,3.43124703316651,5-11,193,1991-07-18,Northern Illinois,FS,Jimmie Ward
41257,4,4.31521320740177,5-11,194,1992-05-01,Ohio State,CB,Bradley Roby
41262,59,0.245303748685924,6-4,310,1991-01-01,UCLA,G,Xavier Su'a-Filo
41263,25,8.44497987232491,6-3,265,1992-04-28,Boise State,DE,Demarcus Lawrence
41264,218,1.44574704223044,6-4,320,1991-10-11,Nevada,G,Joel Bitonio
41269,62,8.32434565941,6-3,250,1991-03-26,Brigham Young,OLB,Kyle Van Noy
41279,57,5.45632975521899,6-3,252,1993-01-17,Georgia Tech,OLB,Jeremiah Attaochu
41286,12,1.79557246082427,6-0,229,1990-09-20,Ohio State,RB,Carlos Hyde
41293,175,-0.179495749732775,6-6,315,1991-05-29,Missouri,C,Justin Britt
41296,202,-0.215390396548237,6-5,310,1991-10-17,North Dakota State,T,Billy Turner
41300,10,2.77097844265443,6-2,235,1992-08-31,Iowa,OLB,Christian Kirksey
41310,205,0.794592518515399,6-3,336,1991-07-12,Mississippi State,G,Gabe Jackson
41322,163,-1.37225836795486,6-6,315,1992-01-25,Miami,G,Brandon Linder
41324,73,-1.04242449516827,6-6,301,1990-11-15,Michigan,G,Michael Schofield
41332,5,-1.26984766740673,5-8,206,1992-03-15,Florida State,RB,Devonta Freeman
41336,66,7.63981332052121,6-2,350,1990-12-27,Louisiana Tech,DT,Justin Ellis
41338,19,2.55547720621104,6-0,191,1991-08-06,Duke,CB,Ross Cockrell
41341,121,4.69023409140159,6-4,322,1991-12-27,Penn State,DT,DaQuan Jones
41348,10,7.51563759827101,6-0,235,1992-06-10,Iowa,ILB,Anthony Hitchens
41349,6,-1.42978767071,6-6,250,1991-07-01,Virginia Tech,TE,Logan Thomas
41358,4,2.3755211465775,6-2,200,1991-12-01,North Carolina State,CB,Dontae Johnson
41359,12,-1.59660436646453,5-10,205,1992-02-03,Wisconsin,RB,James White
41363,79,8.44230170375542,6-7,300,1991-05-05,Virginia,DE,Brent Urban
41376,5,2.45262512808009,5-9,186,1991-12-18,Purdue,SS,Ricardo Allen
41387,6,4.12137910637261,6-2,292,1991-11-23,Princeton,DT,Caraun Reid
41390,238,1.34586887049709,6-3,301,1991-07-27,Ohio State,C,Corey Linsley
41403,46,7.99968946187077,6-3,256,1991-06-24,Southern California,OLB,Devon Kennard
41436,272,0.861538683107275,6-3,300,1989-10-12,Boise State,C,Matt Paradis
41449,60,3.32583699216157,6-5,310,1991-02-25,Connecticut,DE,Shamar Stephen
41464,136,8.43434768239919,6-2,290,1991-08-11,Illinois State,DE,Shelby Harris
41475,259,-0.734069289234448,6-3,305,1991-10-09,Boise State,T,Charles Leno
41502,21,2.79205752444935,6-2,208,1990-03-05,Brigham Young,FS,Daniel Sorensen
41532,86,0.55719238329611,6-5,310,1991-12-17,North Carolina,T,James Hurst
41563,112,0.177593242038516,6-8,328,1991-07-18,Kansas State,T,Cornelius Lucas
41595,3,5.57267119295186,6-4,332,1991-05-09,Colorado State-Pueblo,NT,Mike Pennel
41619,221,1.72313473196215,6-3,316,1992-07-06,Texas,C,Trey Hopkins
41630,60,0.333083844112796,6-3,317,1992-05-31,Central Florida,C,Justin McCray
41665,55,1.23414934339786,6-3,310,1991-05-05,Clemson,G,Tyler Shatley
41667,15,-0.0486661196617812,6-6,306,1991-02-14,James Madison,T,Josh Wells
41707,1,0.777100733868155,6-4,325,1991-07-08,Utah State,C,Tyler Larsen
41712,14,1.65645547325498,5-11,224,1992-04-03,Oklahoma,RB,Damien Williams
41722,9,8.49887293977102,6-6,290,1991-02-17,Stanford,DE,Josh Mauro
41786,147,6.33647819569471,6-2,270,1991-05-02,Texas Tech,DE,Kerry Hyder
41808,16,-1.50431586493327,6-0,240,1992-04-08,San Jose State,FB,Keith Smith
41915,189,7.81842369346124,6-2,250,1992-11-17,Colorado State,OLB,Shaquil Barrett
41919,14,5.32401953700562,6-2,334,1990-08-29,Delaware,DT,Zach Kerr
41939,216,1.63023714171741,6-6,325,1991-10-25,Ohio State,G,Andrew Norwell
41947,3,8.3971972607337,6-3,250,1991-02-18,Florida State,ILB,Christian Jones
41959,238,1.28265527557039,6-6,330,1992-07-07,Bloomsburg,G,Matt Feiler
42030,4,8.68323049491547,5-9,183,1991-07-12,Pittsburgh,CB,K'Waun Williams
42031,175,2.13976484037451,6-5,285,1990-07-15,Mississippi State,DE,Denico Autry
42116,8,2.12784142099115,5-11,210,1992-03-28,Texas,SS,Adrian Phillips
42302,23,-1.87173678584833,6-6,255,1992-04-10,Canisius,TE,Chris Manhertz
42331,42,7.68865983270367,6-6,265,1992-04-13,No College,DE,Efe Obada
42346,113,5.55156482261368,6-3,255,1994-08-03,Florida,OLB,Dante Fowler
42348,113,0.359623614199287,6-5,315,1991-12-26,Iowa,G,Brandon Scherff
42349,207,7.7355049019923,6-5,302,1994-06-20,Southern California,DT,Leonard Williams
42352,259,-0.554441561774339,6-6,329,1994-04-25,Miami,G,Ereck Flowers
42355,52,4.15083063185299,6-2,345,1993-08-20,Washington,NT,Danny Shelton
42356,127,0.99427146348513,6-7,316,1993-11-04,Stanford,G,Andrus Peat
42358,19,1.98034384581706,6-1,215,1993-04-13,Wisconsin,RB,Melvin Gordon
42360,141,8.20600421084191,6-7,292,1993-11-15,Oregon,DE,Arik Armstead
42362,194,-1.21614674319915,6-5,313,1992-08-23,Florida State,T,Cameron Erving
42365,99,4.70627012177619,6-4,269,1993-02-12,Kentucky,OLB,Bud Dupree
42367,205,1.65922028324238,6-5,307,1993-12-28,Florida,T,D.J. Humphries
42368,25,8.34229367983587,6-0,230,1994-04-21,Washington,OLB,Shaq Thompson
42370,3,8.38963938146344,6-0,205,1992-09-26,Connecticut,CB,Byron Jones
42375,99,2.90643653336646,6-2,320,1994-02-02,Texas,DT,Malcom Brown
42376,8,4.9520690761132,6-0,218,1994-01-10,Alabama,SS,Landon Collins
42377,270,1.24037291792783,6-6,338,1993-06-23,Penn State,T,Donovan Smith
42378,54,8.64578424670118,6-3,280,1994-01-25,Florida State,DT,Mario Edwards
42381,117,6.43858811164198,6-5,265,1992-11-17,Mississippi State,OLB,Preston Smith
42382,48,2.78073896258634,6-3,320,1994-01-06,Florida State,NT,Eddie Goldman
42386,2,7.69371545553634,6-4,257,1992-11-19,Mississippi State,ILB,Benardrick McKinney
42388,24,4.91847585419594,6-0,232,1992-02-29,UCLA,ILB,Eric Kendricks
42389,2,3.16260485837614,6-1,215,1992-02-12,Samford,SS,Jaquiski Tartt
42390,7,2.07634377644893,6-1,205,1992-10-03,Utah,SS,Eric Rowe
42391,3,4.92962262679362,5-11,240,1992-12-05,Miami,ILB,Denzel Perryman
42392,221,-1.41228658214987,6-6,305,1992-04-21,Missouri,C,Mitch Morse
42395,24,7.52974632444903,6-6,341,1992-09-21,Oklahoma,DE,Jordan Phillips
42398,21,0.930505467589698,6-4,252,1994-04-12,Minnesota,TE,Maxx Williams
42400,222,-0.137135868796,6-8,328,1992-05-13,Wisconsin,T,Rob Havenstein
42401,165,5.72094484341292,6-3,260,1991-03-13,Missouri,OLB,Markus Golden
42403,117,2.57769714070399,6-5,255,1992-11-23,Nebraska,DE,Randy Gregory
42404,270,0.744986295732121,6-4,307,1993-04-17,Hobart,G,Ali Marpet
42406,87,2.78020892811481,6-3,260,1993-06-14,Michigan,DE,Frank Clark
42410,109,-0.498038242958155,6-3,325,1991-10-03,South Carolina,G,A.J. Cann
42421,7,8.77800916240667,6-0,196,1993-06-01,Florida State,CB,P.J. Williams
42424,221,1.17141399008297,6-3,315,1993-08-12,Louisville,G,John Miller
42427,36,4.94587103151118,6-1,236,1992-06-27,Texas,ILB,Jordan Hicks
42429,25,-1.94478001783187,6-1,224,1991-12-16,Northern Iowa,RB,David Johnson
42431,188,2.09454309442639,6-5,252,1994-10-29,Louisiana State,DE,Danielle Hunter
42433,48,2.6786981905943,6-5,320,1992-03-02,Iowa,NT,Carl Davis
42436,13,8.81205669144602,6-6,301,1991-08-03,Stanford,DE,Henry Anderson
42443,104,4.62808215195705,6-4,318,1992-11-14,Auburn,DT,Angelo Blackson
42444,97,7.65673683355612,6-2,265,1993-08-16,Arkansas,OLB,Trey Flowers
42445,221,1.3779123381248,6-6,330,1992-08-31,Oklahoma,T,Daryl Williams
42460,12,-1.45338659220899,6-6,252,1991-08-07,Oklahoma,TE,Blake Bell
42465,7,2.41659879722515,6-4,272,1992-09-08,Kentucky,OLB,Za'Darius Smith
42467,12,3.69733058037883,6-1,227,1994-08-03,Louisiana State,OLB,Kwon Alexander
42469,38,-1.13906235152826,5-9,221,1993-02-19,South Carolina,RB,Mike Davis
42470,13,3.51115034443632,6-0,243,1993-05-28,Minnesota,OLB,Damien Wilson
42471,199,-1.47806392196263,6-4,323,1992-02-10,Miami,G,Jon Feliciano
42474,192,0.348385355417216,6-1,310,1993-08-28,Georgia Tech,G,Shaquille Mason
42476,116,-0.962623800516895,6-4,309,1991-11-09,Florida,C,Max Garcia
42477,192,0.720403705702498,6-4,310,1992-05-03,West Virginia,G,Mark Glowinski
42480,165,2.45132302697677,6-0,305,1993-04-28,Clemson,DT,Grady Jarrett
42485,4,8.65052198550488,6-0,214,1993-04-29,Penn State,FS,Adrian Amos
42488,1,2.58919421492595,5-11,192,1993-08-18,Memphis,CB,Bobby McCain
42497,83,3.21361111980602,6-2,309,1992-09-03,Fresno State,DT,Tyeler Davison
42500,14,1.75405983200723,6-6,260,1993-01-14,Auburn,TE,C.J. Uzomah
42503,8,1.80331814432766,6-7,250,1994-06-04,Penn State,TE,Jesse James
42535,75,4.60476360032448,6-1,300,01/22/1994,Arkansas,DT,Darius Philon
42543,1,5.30385792225506,5-9,197,1993-01-22,Texas,FS,Quandre Diggs
42553,58,6.50531015291623,6-1,298,03/10/1992,Louisiana-Lafayette,DT,Christian Ringo
42559,109,8.87713743436493,6-2,305,1993-10-16,Rice,NT,Christian Covington
42560,91,3.55810454961639,6-2,307,1993-07-03,Southern Mississippi,DT,Rakeem Nunez-Roches
42565,36,-0.321928649994481,6-3,300,1991-11-27,South Florida,C,Austin Reiter
42654,53,-1.02010105537655,6-4,320,1993-07-26,Louisiana State,T,La'el Collins
42667,33,6.07310084117944,6-2,315,1993-07-27,Louisiana-Lafayette,DT,Justin Hamilton
42721,10,-1.47740100652747,6-6,263,1992-04-22,Texas-El Paso,TE,Eric Tomlinson
42765,122,-1.77800555942044,6-4,320,1992-07-22,Minn. State-Mankato,G,Chris Reed
42816,11,6.3204834973237,5-11,184,1991-08-29,Oregon,CB,Troy Hill
42826,77,2.87835427235074,6-1,292,1992-12-29,Clemson,DT,DeShawn Williams
42830,1,5.29300585965654,6-1,202,1991-10-09,Virginia,FS,Anthony Harris
42837,42,1.75522083181375,5-11,222,1993-05-15,Texas,RB,Malcolm Brown
42869,8,8.10212067716792,6-1,254,1993-06-27,Stanford,OLB,James Vaughters
42883,247,-0.275294074637485,6-3,300,1992-07-10,Georgia,C,David Andrews
42901,4,3.74670912509987,6-1,208,1992-07-25,James Madison,SS,Dean Marlowe
42924,250,-1.12294450428953,6-6,325,1991-09-15,Idaho,T,Jesse Davis
42929,2,2.551311599631,6-2,242,1993-12-07,Montana State,OLB,Alex Singleton
42935,5,7.66155304669254,5-9,188,1991-10-23,Rice,CB,Bryce Callahan
42954,115,-1.40751632165462,6-4,310,1992-04-23,Toledo,C,Greg Mancz
43045,224,1.17475703592836,6-4,330,1991-08-07,West Virginia,G,Quinton Spain
43062,7,7.74642640508848,6-1,240,1991-08-15,Cal Poly,ILB,Nick Dzubnar
43292,149,2.81344720192164,6-5,280,1995-07-11,Ohio State,OLB,Joey Bosa
43293,23,1.01495027136324,6-0,228,1995-07-22,Ohio State,RB,Ezekiel Elliott
43294,7,7.15605516706693,6-1,208,1994-10-24,Florida State,CB,Jalen Ramsey
43296,189,7.0401470428428,6-7,300,1994-03-17,Oregon,DT,DeForest Buckner
43297,143,1.59704771141806,6-6,308,1994-08-17,Michigan State,T,Jack Conklin
43298,185,8.48105431287756,6-5,240,1992-09-08,Georgia,OLB,Leonard Floyd
43299,1,4.06862018918035,6-1,203,1995-08-09,Ohio State,CB,Eli Apple
43301,136,6.45532439634425,6-2,305,1994-04-02,Louisville,DT,Sheldon Rankins
43302,122,0.852841087311662,6-5,313,1994-08-02,Mississippi,T,Laremy Tunsil
43303,1,2.75123048241339,5-10,200,1993-09-08,West Virginia,SS,Karl Joseph
43306,9,3.28598438596718,6-1,216,1995-07-26,Florida,MLB,Keanu Neal
43307,209,-1.01580848328747,6-4,309,1993-05-30,Alabama,C,Ryan Kelly
43308,104,6.16793468368474,6-3,267,1994-06-17,Clemson,DE,Shaq Lawson
43316,209,6.54662088308667,6-3,314,1995-10-04,UCLA,NT,Kenny Clark
43318,50,5.60033247372823,6-4,296,09/19/1994,Mississippi,DT,Robert Nkemdiche
43319,43,3.00584535160664,6-4,330,1994-06-14,Louisiana Tech,DT,Vernon Butler
43320,129,0.679335206012627,6-5,325,1994-06-02,Texas A&amp;M,T,Germain Ifedi
43321,202,2.68646583531264,6-4,275,1993-11-06,Oklahoma State,DE,Emmanuel Ogbah
43323,12,8.33333729644013,6-2,245,1995-06-14,Notre Dame,MLB,Jaylon Smith
43324,25,-1.76163773029151,6-5,250,1994-12-07,Arkansas,TE,Hunter Henry
43325,19,2.86324590830792,6-1,244,1995-09-03,UCLA,MLB,Myles Jack
43326,127,4.95931723317933,6-6,308,1994-07-03,Mississippi State,DT,Chris Jones
43330,14,8.1547163185816,6-2,252,1993-09-23,Alabama,ILB,Reggie Ragland
43332,114,2.93582755111288,6-4,314,1994-05-08,Penn State,NT,Austin Johnson
43333,93,5.13549849576298,6-5,287,1994-05-11,Illinois,OLB,Jihad Ward
43335,60,7.50493305801613,6-4,330,1995-03-21,Alabama,DT,A'Shawn Robinson
43337,41,-0.189243089535695,6-6,301,1994-05-17,Indiana,T,Jason Spriggs
43338,147,2.96517035111571,6-3,306,1992-12-16,Alabama,DT,Jarran Reed
43341,25,5.6658730633062,6-1,227,1994-11-04,Louisiana State,ILB,Deion Jones
43343,7,2.76395676745314,5-10,192,1993-11-12,Clemson,CB,Mackensie Alexander
43344,1,1.0885270934614,6-2,203,1994-11-15,Pittsburgh,WR,Tyler Boyd
43345,210,1.55458585251793,6-3,309,1992-07-11,Kansas State,G,Cody Whitehair
43350,13,2.34101056838898,5-11,205,1994-12-12,Ohio State,SS,Vonn Bell
43352,81,8.45090408279743,6-4,287,1992-09-23,Georgia Tech,DE,Adam Gotsis
43353,5,3.17229900320932,5-11,212,1993-08-17,Middle Tennessee,FS,Kevin Byard
43354,75,6.43360835798879,6-7,275,1993-04-12,Penn State,DE,Carl Nassib
43356,125,4.00602865414445,6-2,308,1995-04-08,Nebraska,DT,Maliek Collins
43358,198,4.48739865959872,6-2,246,1995-03-31,Maryland,DE,Yannick Ngakoue
43361,63,4.97492464180283,6-3,296,1993-10-22,Florida,DE,Jonathan Bullard
43366,2,4.70196399040343,6-1,215,1995-02-22,West Virginia,CB,Daryl Worley
43367,297,-1.41589736275709,6-5,308,1992-11-18,North Carolina State,G,Joe Thuney
43368,81,0.0549974202782746,6-4,303,1993-10-29,Oregon State,G,Isaac Seumalo
43370,23,-1.40702625038301,6-4,254,1994-10-29,Stanford,TE,Austin Hooper
43372,54,6.58669639250992,6-3,259,1994-07-01,Georgia,DE,Jordan Jenkins
43373,7,7.87460332298647,5-11,198,1995-02-13,Virginia Tech,CB,Kendall Fuller
43376,11,8.45098989759136,6-2,235,1993-08-20,Utah State,OLB,Nick Vigil
43377,68,8.49079249396272,6-5,245,1991-11-25,Utah State,OLB,Kyler Fackrell
43378,151,4.47180973299999,6-2,305,1993-02-07,South Carolina State,DT,Javon Hargrave
43384,180,-0.258324767563459,6-6,310,1992-08-19,Michigan,G,Graham Glasgow
43387,4,5.97374577600822,6-2,202,1993-11-19,Boston College,FS,Justin Simmons
43388,20,4.74414643372952,6-1,245,1993-11-06,Wisconsin,ILB,Joe Schobert
43392,5,4.77399867827223,6-1,294,1994-07-01,Notre Dame,DT,Sheldon Day
43393,12,2.73101097695114,5-9,185,1994-03-14,Temple,CB,Tavon Young
43399,23,1.78304495166143,6-6,257,1993-01-01,Western Kentucky,TE,Tyler Higbee
43402,1,3.45324122809403,6-2,242,1993-05-26,West Virginia,ILB,Nick Kwiatkoski
43404,17,6.35463230586513,6-4,232,1993-07-01,Minnesota,ILB,De'Vondre Campbell
43405,65,4.73477719079277,6-3,305,1994-11-02,Texas,DT,Hassan Ridgeway
43407,5,2.45963175773531,6-0,212,1993-08-04,North Carolina State,SS,Juston Burris
43411,25,3.68031244386591,6-1,328,1995-03-06,Baylor,DT,Andrew Billings
43420,7,2.81904146352558,6-2,237,1994-01-09,Stanford,ILB,Blake Martinez
43425,28,0.392931026309761,5-11,219,1992-05-27,Utah,RB,Devontae Booker
43426,136,3.57577377456184,6-6,296,1994-06-09,Northwestern,DE,Dean Lowry
43435,158,3.33350457610665,6-3,261,1992-08-15,Grand Valley State,OLB,Matt Judon
43436,161,7.91377433525669,6-4,291,1993-03-31,Maryland,DT,Quinton Jefferson
43441,136,6.64212686849541,6-3,310,1994-01-11,Temple,DT,Matt Ioannidis
43447,146,1.42082380605435,6-5,324,1992-02-06,South Carolina,T,Brandon Shell
43453,286,-0.833256669184227,6-6,320,1993-06-16,Texas Christian,G,Halapoulivaati Vaitai
43455,132,6.75810786051202,6-3,347,1994-07-01,Clemson,NT,D.J. Reader
43456,1,8.89577987187789,5-11,207,1994-10-27,Midwestern State,SS,Marqui Christian
43460,9,1.10598887275674,5-10,210,08/26/1994,Arkansas,RB,Alex Collins
43465,5,-1.19062018692183,6-1,238,1993-05-23,Nebraska,FB,Andy Janovich
43474,4,6.78444724582911,6-0,202,1993-04-13,William &amp; Mary,FS,DeAndre Houston-Carson
43484,145,0.905004567387697,6-5,314,1993-09-11,San Jose State,G,Wes Schweitzer
43495,1,1.68808647672433,6-1,189,1994-08-16,Southern Mississippi,WR,Mike Thomas
43497,7,7.05650513907457,6-2,230,1994-05-16,Eastern Illinois,ILB,Kamu Grugier-Hill
43503,20,6.16339224824855,6-0,238,1994-04-22,Houston,ILB,Elandon Roberts
43516,31,7.94296629357207,6-5,265,1994-03-19,Vanderbilt,OLB,Stephen Weatherly
43522,1,5.63263066658,6-0,191,1994-04-06,Louisiana State,CB,Jalen Mills
43533,18,7.51955850674924,6-4,215,1994-02-11,Clemson,FS,Jayron Kearse
43540,3,7.87091174130388,6-2,236,1992-12-11,Oregon,ILB,Joe Walker
43638,94,5.54647315280401,6-3,292,1992-10-23,Ferris State,DT,Justin Zimmer
43641,17,2.48627055526355,5-9,184,1994-03-09,Mississippi,CB,Mike Hilton
43645,3,7.6553923507431,6-2,210,1994-02-09,Michigan,SS,Jarrod Wilson
43648,41,-1.79200079949203,6-5,315,1993-04-19,Cincinnati,T,Justin Murray
43694,47,8.55209201060413,6-0,340,1992-11-06,Samford,NT,Michael Pierce
43695,110,-0.317162094300585,6-3,313,1993-02-17,Duke,C,Matt Skura
43698,6,2.2445986357471,6-3,315,1992-12-20,Mississippi,DT,Woodrow Hamilton
43700,2,7.96176932747229,5-10,190,1993-09-20,Auburn,CB,Jonathan Jones
43712,1,4.79958355155224,6-0,198,1991-10-14,Florida Atlantic,CB,Sharrod Neasman
43722,17,0.908566578355024,5-10,195,1993-08-15,Arkansas State,RB,J.D. McKissic
43757,3,6.92580620931325,5-11,202,1992-10-28,Connecticut,SS,Andrew Adams
43775,70,3.01078020254674,6-4,263,1995-06-17,Notre Dame,OLB,Romeo Okwara
43787,60,2.58751115198388,6-5,294,1993-07-23,Texas-El Paso,DT,Roy Robertson-Harris
43791,130,8.46477087920112,6-3,275,1994-09-12,Colorado State-Pueblo,DE,Morgan Fox
43797,4,6.14603924942124,6-3,228,1993-11-18,Washington,OLB,Cory Littleton
43845,5,1.02280951662064,6-3,230,1993-01-30,California,TE,Stephen Anderson
43854,28,2.09632848021793,6-4,263,1993-07-31,Stanford,OLB,Brennan Scarlett
43938,8,3.66237596945137,6-1,318,1993-01-03,Southern California,DT,Antwaun Woods
43971,11,0.110556880714321,5-11,235,1993-07-22,"Augustana, S.D.",FB,C.J. Ham
43986,5,7.8442731516612,6-0,190,1993-01-24,South Carolina State,CB,Antonio Hamilton
44009,2,0.258611892462067,6-3,240,1993-08-28,Pittsburgh,TE,J.P. Holtz
44068,115,-0.249089025623005,6-3,313,1993-07-30,Duke,G,Lucas Patrick
44075,14,-1.26710397609088,6-4,240,1994-03-04,Air Force,TE,Garrett Griffin
44174,65,6.77505125507756,6-1,236,1993-02-22,Texas Tech,ILB,Sam Eguavoen
44202,2,6.74744045208531,6-0,200,1993-06-14,"Regina, Can.",CB,Tevaughn Campbell
44792,12,0.855346430819385,6-5,267,1993-09-19,Virginia Commonwealth,TE,Mo Alie-Cox
44813,186,3.60917634217017,6-4,272,1995-12-29,Texas A&amp;M,DE,Myles Garrett
44815,127,6.50113908362129,6-2,280,1995-08-26,Stanford,DT,Solomon Thomas
44816,13,0.146769112265736,6-0,228,1995-01-18,Louisiana State,RB,Leonard Fournette
44818,28,8.91841742847376,6-1,213,1995-10-17,Louisiana State,SS,Jamal Adams
44820,13,-1.59282563113747,5-11,205,1996-06-07,Stanford,RB,Christian McCaffrey
44825,157,4.86654132205013,6-1,235,1994-09-22,Temple,OLB,Haason Reddick
44826,142,5.87631631771847,6-3,259,1996-06-25,Tennessee,DE,Derek Barnett
44827,3,7.73892852877727,6-1,212,1996-04-02,Ohio State,FS,Malik Hooker
44828,2,8.39942747119285,6-0,197,1996-07-08,Alabama,CB,Marlon Humphrey
44829,200,6.71702844921471,6-3,300,1995-01-16,Alabama,DT,Jonathan Allen
44830,2,7.6100893628136,5-11,185,1995-09-18,Southern California,CB,Adoree' Jackson
44831,18,0.464245682547395,6-6,250,1994-11-18,Alabama,TE,O.J. Howard
44832,257,-1.21745080533473,6-5,300,1992-05-27,Utah,T,Garett Bolles
44834,137,8.38098092988146,6-3,250,1995-03-06,Missouri,OLB,Charles Harris
44837,20,8.92078682184973,5-11,213,1995-10-04,Michigan,SS,Jabrill Peppers
44838,120,3.40318859862631,6-2,265,1995-11-02,UCLA,DE,Takkarist McKinley
44839,2,5.6374779514031,5-11,192,1995-01-16,Louisiana State,CB,Tre'Davious White
44841,20,-0.486795441184383,6-4,246,1996-07-10,Miami,TE,David Njoku
44842,133,4.66609317563464,6-4,252,1994-10-11,Wisconsin,OLB,T.J. Watt
44844,163,0.645276814463458,6-6,314,1994-04-22,Wisconsin,T,Ryan Ramczyk
44845,1,6.64222426901849,6-3,200,1995-05-05,Washington,CB,Kevin King
44846,218,-0.121653248771177,6-6,320,1995-10-09,Alabama,T,Cam Robinson
44847,135,6.88401533313188,6-6,299,06/20/1996,Michigan State,DT,Malik McDowell
44848,15,3.14110417092713,5-10,195,1996-01-10,Washington,SS,Budda Baker
44851,5,3.33505866569371,6-0,207,1993-03-09,Florida,FS,Marcus Maye
44853,19,0.148514395939297,5-10,210,1995-08-10,Florida State,RB,Dalvin Cook
44857,16,0.875505434020174,6-6,257,1994-10-24,Ashland,TE,Adam Shaheen
44859,108,5.97481941525703,6-3,240,1995-05-23,Houston,OLB,Tyus Bowser
44860,23,1.86479447613113,6-1,220,1996-07-24,Oklahoma,RB,Joe Mixon
44863,76,8.79222941185605,6-4,280,1994-09-30,Florida State,DE,DeMarcus Walker
44867,101,8.33506712595207,6-3,318,1994-02-28,Alabama,DT,Dalvin Tomlinson
44869,9,5.70400332783087,6-3,238,1994-12-02,Vanderbilt,ILB,Zach Cunningham
44871,94,5.89952305516934,6-7,289,1994-06-14,Villanova,DE,Tanoh Kpassagnon
44872,2,3.25500470433406,6-0,202,1995-05-24,Colorado,CB,Chidobe Awuzie
44875,222,1.31448829036485,6-5,320,1994-04-26,Temple,T,Dion Dawkins
44876,272,0.926535634175905,6-5,325,1994-03-18,Western Michigan,T,Taylor Moton
44877,183,2.57092735024938,6-3,305,1994-06-03,North Carolina-Charlotte,DT,Larry Ogunjobi
44879,15,1.11112762221926,5-10,215,1995-07-25,Tennessee,RB,Alvin Kamara
44880,136,8.10081353558262,6-3,264,1995-03-02,Illinois,DE,Dawuane Smoot
44882,41,-1.60344489565876,6-3,303,1994-07-06,Ohio State,C,Pat Elflein
44886,139,5.45085106321972,6-5,300,1993-08-25,Michigan,DE,Chris Wormley
44887,2,8.1535875977971,6-1,230,1994-08-09,Louisiana State,ILB,Duke Riley
44888,28,8.33864112760438,6-3,240,1994-09-22,Florida,ILB,Alex Anzalone
44892,122,8.33824117705244,6-4,266,1994-03-18,Ohio,DE,Tarell Basham
44893,1,5.48524782723769,6-0,204,1994-04-09,UCLA,CB,Fabian Moreau
44902,1,6.07960908874687,6-0,198,1995-07-20,Central Florida,CB,Shaquill Griffin
44904,2,3.27774671763927,5-10,195,1995-08-31,Michigan,CB,Jourdan Lewis
44905,36,4.2223837973853,6-4,304,1995-07-24,Auburn,DE,Montravius Adams
44912,16,-1.62004190651868,6-3,248,1995-08-22,Florida International,TE,Jonnu Smith
44915,186,5.63072249351775,6-4,270,1994-12-05,Florida Atlantic,DE,Trey Hendrickson
44917,20,-0.865130360425082,6-1,233,1995-05-05,Pittsburgh,RB,James Conner
44922,50,3.51771208932025,6-3,316,1994-07-12,Iowa,DT,Jaleel Johnson
44925,1,6.13944597596091,6-0,202,1993-12-10,Alabama,SS,Eddie Jackson
44926,8,6.45097193909846,6-1,220,1994-01-25,Miami,SS,Rayshawn Jenkins
44927,15,-1.28216719732917,5-11,240,1995-09-16,Oklahoma,RB,Samaje Perine
44937,9,4.7203020486515,6-0,233,1995-01-31,Tennessee,OLB,Jalen Reeves-Maybin
44938,73,4.27131558695466,6-3,245,1995-05-09,Eastern Washington,DE,Samson Ebukam
44942,8,-0.18764223909808,6-6,330,1995-10-21,Florida,T,David Sharpe
44943,118,-1.88912267725195,6-7,325,1995-01-09,Bucknell,T,Julien Davenport
44944,124,4.05675576896781,6-5,275,1994-07-26,Arkansas,DE,Deatrich Wise
44947,13,1.91208999996993,6-0,213,1995-04-03,Brigham Young,RB,Jamaal Williams
44949,17,-1.6584112675038,6-4,284,1995-03-28,Oregon State,G,Sean Harlow
44955,74,5.17187879010513,6-3,297,1993-12-05,Clemson,DE,Carlos Watkins
44956,5,-0.644077816694366,6-0,210,1996-03-07,South Florida,RB,Marlon Mack
44957,119,8.78290962196241,6-4,315,1993-10-20,"Albany State, Ga.",DT,Grover Stewart
44964,3,8.26187032557928,5-10,201,1994-12-14,Iowa,CB,Desmond King
44968,7,8.40898845432654,6-0,226,1995-02-26,UCLA,ILB,Jayon Brown
44970,2,1.67078408770609,6-7,312,1993-09-14,Vanderbilt,T,Will Holden
44974,5,2.7727812529182,6-1,230,1995-08-08,Northwestern,MLB,Anthony Walker
44976,22,5.97762587097362,6-0,223,1994-07-28,Boston College,OLB,Matt Milano
44987,17,0.952479041141084,6-5,253,1994-05-01,Drake,TE,Eric Saubert
44991,102,6.67481588457285,6-3,311,1994-11-11,Louisiana State,NT,Davon Godchaux
44995,23,0.988771506135515,5-9,208,1994-12-02,Texas-El Paso,RB,Aaron Jones
44999,22,8.32287706228266,6-0,205,1995-04-19,Virginia Tech,SS,Chuck Clark
45006,4,4.97825089190503,6-3,242,1995-01-27,Oklahoma,OLB,Jordan Evans
45007,11,3.22402887676868,6-3,311,1994-01-05,Oklahoma State,DT,Vincent Taylor
45008,3,5.4544417829636,6-1,228,1994-12-16,Boise State,ILB,Tanner Vallejo
45009,152,3.7040028978186,6-4,250,1995-03-28,Miami,DE,Al-Quadin Muhammad
45011,81,4.94226752674686,6-0,321,1995-01-19,Mississippi,DT,D.J. Jones
45012,259,0.0135532790634696,6-4,312,1993-08-23,Wyoming,C,Chase Roullier
45020,1,3.04290723664015,5-10,200,1994-07-27,Houston,FS,Brandon Wilson
45021,7,5.99365836387878,6-0,204,1994-11-01,Auburn,SS,Rudy Ford
45033,8,3.89910763204049,6-3,258,1994-04-08,Northwestern,DE,Ifeadi Odenigbo
45038,20,7.74565033861491,6-4,280,1995-04-22,Notre Dame,DE,Isaac Rochell
45042,4,2.77976676148366,6-2,205,1993-10-06,Miami,FS,Adrian Colbert
45045,1,8.88464906526914,6-2,229,1996-02-08,Kansas State,OLB,Elijah Lee
45056,197,1.91362448808351,6-5,320,1994-03-04,Baylor,G,Kyle Fuller
45063,7,8.30606309329985,6-4,270,1993-11-01,Eastern Michigan,DE,Pat O'Connor
45094,7,1.01368139459593,6-4,232,1994-11-23,Oregon,TE,Johnny Mundt
45142,3,-1.66609073210685,6-3,256,1994-11-22,Washington,TE,Darrell Daniels
45203,5,2.38446718515195,6-5,250,1995-02-18,Louisiana State,DE,Tashawn Bower
45215,6,7.37585015749414,6-1,230,1994-09-26,Cincinnati,OLB,Eric Wilson
45217,3,-1.73230194718482,6-3,248,1995-09-05,Nebraska,TE,Cethan Carter
45226,89,4.54846467955364,6-3,345,1994-05-02,Colorado,NT,Josh Tupou
45268,57,-1.57461845288853,6-3,311,1994-05-27,Maine,FB,Patrick Ricard
45274,172,2.08986771083274,6-5,300,1994-04-12,Vanderbilt,DE,Adam Butler
45281,3,1.87189777241238,6-4,245,1993-11-18,Wyoming,TE,Jacob Hollister
45287,16,8.37148549702551,5-9,190,1995-08-23,Valdosta State,CB,Kenny Moore
45302,1,6.27274459765827,5-11,188,1995-04-10,Nevada-Las Vegas,CB,Torry McTyer
45321,21,1.86026816814349,6-6,256,1993-05-28,"Laval, Can.",TE,Antony Auclair
45339,29,0.241777290027983,6-6,258,1994-05-04,Oregon,TE,Pharaoh Brown
45395,8,5.53332223086099,5-10,190,1993-07-13,Memphis,CB,Arthur Maulet
45481,21,1.30162252110408,6-5,243,1995-03-15,Texas A&amp;M,TE,Ricky Seals-Jones
45532,10,0.0961908736603405,6-5,260,1994-07-16,Oklahoma State,TE,Blake Jarwin
45533,18,3.84196153604495,6-0,231,1994-02-21,Northwestern,ILB,Joseph Jones
45550,59,-1.04934069991265,6-6,329,1995-02-10,Massachusetts,T,Elijah Wilkinson
45573,20,1.35642127909336,5-10,200,1995-05-17,"Western State, Colo.",RB,Austin Ekeler
45594,8,-1.93153568083051,6-4,255,1993-12-15,Temple,TE,Colin Thompson
45630,211,-1.24722793477662,6-7,317,1994-05-16,Toledo,T,Storm Norton
45635,5,1.72360173251003,6-5,237,1994-04-30,Indiana State,TE,Robert Tonyan
45719,2,1.16366441923899,5-10,205,1994-05-04,Wisconsin,RB,Dare Ogunbowale
45785,8,0.119113826306438,6-6,220,1995-03-15,Wisconsin-Platteville,TE,Dan Arnold
46071,13,-0.68724833573371,5-11,233,1997-02-09,Penn State,RB,Saquon Barkley
46073,2,3.87258070188673,5-11,191,1997-04-28,Ohio State,CB,Denzel Ward
46074,9,7.4422593125487,6-4,275,1996-06-24,North Carolina State,OLB,Bradley Chubb
46075,104,0.992959907927808,6-5,330,1996-03-19,Notre Dame,G,Quenton Nelson
46077,28,5.06657668345707,6-0,230,1997-04-08,Georgia,ILB,Roquan Smith
46080,2,5.23492054953496,6-1,207,1996-11-17,Alabama,SS,Minkah Fitzpatrick
46081,161,3.3611666241467,6-4,347,1995-02-05,Washington,NT,Vita Vea
46082,211,4.64072852924826,6-3,320,1997-05-27,Alabama,DT,Daron Payne
46083,34,7.05107090332262,6-6,265,1996-09-04,Texas-San Antonio,DE,Marcus Davenport
46085,12,3.48320465226797,6-5,250,1998-05-02,Virginia Tech,MLB,Tremaine Edmunds
46086,8,2.29651846293932,6-2,215,1996-08-03,Florida State,FS,Derwin James
46088,10,8.42134063619446,6-4,256,1996-02-08,Boise State,OLB,Leighton Vander Esch
46089,136,-0.572202483755263,6-5,311,1996-05-17,Arkansas,C,Frank Ragnow
46090,227,-0.0255710660475825,6-4,312,1994-10-11,Ohio State,C,Billy Price
46091,7,2.99336751898799,6-2,234,1995-11-08,Alabama,ILB,Rashaan Evans
46092,201,1.73755639299278,6-2,310,1995-12-09,Georgia,T,Isaiah Wynn
46094,18,1.63656361808277,6-4,245,1993-08-24,South Carolina,TE,Hayden Hurst
46097,1,2.21863514493922,6-1,217,1997-01-20,Virginia Tech,SS,Terrell Edmunds
46098,35,5.30583792393175,6-4,291,1996-03-11,Florida,DT,Taven Bryan
46102,222,-0.158470230935346,6-4,305,1995-09-05,Nevada,G,Austin Corbett
46103,267,0.304857065071216,6-2,327,1995-09-02,Texas-El Paso,G,Will Hernandez
46104,14,-0.36028730822015,5-11,225,1995-12-27,Georgia,RB,Nick Chubb
46105,22,8.26259007321287,6-2,230,1995-07-27,South Carolina State,MLB,Shaquille Leonard
46108,210,-1.01527628829412,6-3,305,1997-09-13,Iowa,G,James Daniels
46110,189,8.10052820480998,6-2,250,1996-06-05,Boston College,OLB,Harold Landry
46117,102,8.65094586570566,6-2,251,1996-12-28,Southern California,OLB,Uchenna Nwosu
46119,215,-0.296297031213317,6-5,298,1997-05-12,Texas,G,Connor Williams
46121,60,2.69291506908371,6-5,248,1995-07-11,Rutgers,DE,Kemoko Turay
46122,3,7.0396915808441,5-11,205,1995-09-16,North Carolina,SS,M.J. Stewart
46123,5,8.33902571283213,6-1,200,1997-02-26,Wake Forest,FS,Jessie Bates
46127,11,5.02268876545676,6-0,210,1996-09-30,Colorado,CB,Isaiah Oliver
46131,218,1.07315658418996,6-7,297,1995-09-15,Pittsburgh,T,Brian O'Neill
46132,4,6.86972517543865,6-1,206,1996-12-31,Auburn,CB,Carlton Davis
46133,167,7.19956056002044,6-3,277,1995-01-30,Ohio State,DE,Tyquan Lewis
46135,125,7.97538914351289,6-5,250,1995-12-10,Georgia,OLB,Lorenzo Carter
46137,1,7.16976921299769,6-1,204,1997-02-15,Stanford,SS,Justin Reid
46138,118,5.93818338448798,6-3,311,1995-04-20,North Carolina State,DT,B.J. Hill
46139,16,4.74756648612701,6-3,236,1996-11-19,Brigham Young,MLB,Fred Warner
46140,14,-1.9188435268684,6-0,238,1996-02-24,Oregon,RB,Royce Freeman
46141,63,8.16914900358087,6-4,315,1993-10-09,Fort Hays State,DT,Nathan Shepherd
46142,40,3.66233966948131,6-2,225,1996-12-25,Ohio State,ILB,Jerome Baker
46143,101,0.928399462179446,6-6,315,1996-09-10,Louisville,T,Geron Christian
46144,83,3.28611366707881,6-1,310,1996-05-09,Florida State,DT,Derrick Nnadi
46146,205,7.83381877118845,6-5,265,1995-06-29,Ohio State,DE,Sam Hubbard
46148,166,6.72562845433528,6-4,279,1997-05-15,Southern California,DE,Rasheem Green
46151,8,6.91054632765649,6-1,210,1995-02-01,Louisiana-Lafayette,FS,Tracy Walker
46152,297,-0.820755814474542,6-8,345,1996-05-02,Oklahoma,T,Orlando Brown
46153,10,8.81540995155052,6-3,309,1996-08-28,North Carolina State,DT,Justin Jones
46155,3,1.13634470930586,6-5,255,1995-09-06,Oklahoma,TE,Mark Andrews
46156,53,2.78421529347518,6-5,240,1996-05-03,Louisiana State,DE,Arden Key
46157,7,6.3777343639927,6-3,233,1995-03-21,Vanderbilt,ILB,Oren Burks
46162,5,7.58215256928963,6-3,214,1997-04-18,Alabama,SS,Ronnie Harrison
46163,273,-0.230045111749265,6-6,305,1995-01-27,Humboldt State,G,Alex Cappa
46165,30,3.00452527923195,6-3,307,1996-01-25,Stanford,DT,Harrison Phillips
46166,1,-0.461235161715291,6-5,292,1996-03-28,Michigan,C,Mason Cole
46167,12,-1.87383949437653,6-4,243,1992-04-19,Central Florida,TE,Jordan Akins
46168,1,7.82861766218997,6-1,190,1996-02-20,Boston College,CB,Isaac Yiadom
46169,1,4.8843886092302,6-1,220,1994-09-04,Clemson,OLB,Dorian O'Daniel
46170,35,0.0796092501126209,6-3,260,1996-06-06,Indiana,TE,Ian Thomas
46171,6,8.78493559539574,6-5,283,1996-01-25,Ohio State,DE,Jalyn Holmes
46173,17,-0.263980009920095,5-9,198,1996-11-12,North Carolina State,RB,Nyheim Hines
46175,5,3.33570999423088,6-1,236,1994-12-25,Iowa,ILB,Josey Jewell
46180,222,0.771623066793933,6-2,302,1995-10-11,Michigan State,C,Brian Allen
46185,45,8.50490853558727,6-4,255,1997-06-10,Kansas,DE,Dorance Armstrong
46186,10,6.91066416502421,5-10,198,1997-03-18,Pittsburgh,SS,Jordan Whitehead
46187,1,8.91322840105489,5-11,178,1994-11-30,Alabama,CB,Anthony Averett
46188,17,5.15690677372175,6-2,216,1996-03-24,West Virginia,ILB,Kyzir White
46189,27,1.95119187971694,6-4,267,1996-07-08,Washington,TE,Will Dissly
46190,5,2.7884081381764,5-11,192,1996-07-27,Weber State,CB,Taron Johnson
46191,31,8.43787798665634,6-1,235,1994-11-15,UCLA,ILB,Kenny Young
46192,20,0.38870635881496,6-6,260,1995-08-09,Notre Dame,TE,Durham Smythe
46194,4,3.33079786731845,5-9,184,1996-03-31,Pittsburgh,CB,Avonte Maddox
46197,69,4.48267677460819,6-2,287,1996-05-08,North Carolina State,DE,Kentavius Street
46198,29,-0.696558147624135,6-6,303,1996-01-04,North Carolina State,T,Will Richardson
46199,145,7.45030994022036,6-5,253,1997-03-29,Florida State,DE,Josh Sweat
46203,26,0.559579154534176,5-9,210,1996-04-13,Fordham,RB,Chase Edmonds
46204,139,7.0212602880398,6-4,288,1996-09-26,Stephen F. Austin,DE,John Franklin-Myers
46205,32,6.56960817372701,6-2,235,1993-12-16,Mississippi,DE,Marquis Haynes
46206,14,-1.09907852603158,6-5,242,1996-07-11,Stanford,TE,Dalton Schultz
46209,10,2.16560264152026,6-2,291,1995-05-09,Michigan,DT,Maurice Hurst
46212,21,5.43242918818774,6-2,255,1996-08-24,Purdue,ILB,Ja'Whaun Bentley
46214,142,2.42802024616431,6-3,313,1996-09-14,Delaware,DE,Bilal Nichols
46216,2,2.93746259718538,6-0,244,1995-01-25,Virginia,ILB,Micah Kiser
46219,26,2.26677930568632,6-0,250,1995-04-26,Memphis,OLB,Genard Avery
46221,4,7.21229578618984,6-1,209,1995-04-27,Arizona,SS,Dane Cruikshank
46226,35,-0.159352856550527,6-3,254,1995-07-30,Central Michigan,TE,Tyler Conklin
46229,43,3.73412633837348,6-1,253,1995-04-24,Oklahoma,OLB,Ogbonnia Okoronkwo
46230,21,3.44305695396471,6-0,225,1995-01-14,Maryland,MLB,Jermaine Carter
46232,45,2.73231648871077,6-3,308,1997-07-11,Virginia Tech,DT,Tim Settle
46235,218,1.456819896254,6-4,315,1994-11-21,Virginia Tech,G,Wyatt Teller
46249,100,3.4622155507788,6-4,318,1995-03-04,Connecticut,DT,Folorunso Fatukasi
46250,14,7.11786929889823,6-3,260,1994-10-11,Utah,OLB,Kylie Fitts
46253,2,8.91540329783902,6-0,208,1994-06-09,Florida,OLB,Marcell Harris
46255,114,2.25217865479291,6-2,242,1995-12-11,Temple,DE,Jacob Martin
46259,16,3.93523126663538,6-1,210,1997-04-21,Texas,FS,DeShon Elliott
46264,185,5.5225224937633,6-4,310,1995-03-21,Rutgers,NT,Sebastian Joseph
46267,4,5.58690499825682,6-3,320,1997-01-03,Tennessee,G,Reginald McKenzie
46269,25,8.28412706924741,6-2,215,1995-08-02,Yale,ILB,Foyesade Oluokun
46275,101,-1.1145314499036,6-7,332,1994-12-16,Texas Christian,T,Matt Pryor
46284,253,0.532653263680721,6-5,317,1994-11-24,Alabama,C,Bradley Bozeman
46302,158,0.982828064133978,6-8,344,1997-03-31,No College,T,Jordan Mailata
46304,3,7.90188645914079,6-0,236,1996-07-02,Syracuse,OLB,Zaire Franklin
46307,87,2.21601384632479,6-6,290,1995-09-07,Ferris State,DT,Zach Sieler
46313,4,6.5228057953673,6-4,265,1994-12-23,Southern Methodist,OLB,Justin Lawler
46320,9,0.137587673884136,6-0,200,1996-04-22,Northwestern,RB,Justin Jackson
46322,1,-1.53927546570901,6-5,228,1997-02-03,Florida State,WR,Auden Tate
46354,1,5.65525104568402,5-11,184,1996-03-25,Tennessee,CB,Emmanuel Moseley
46367,6,-0.144173799268411,5-8,190,1994-07-24,Colorado,RB,Phillip Lindsay
46387,12,7.33862162874124,6-3,295,1995-05-23,Tennessee,DT,Kendal Vickers
46416,28,7.93267758666138,6-2,285,1996-07-25,UCLA,OLB,Jacob Tuioti-Mariner
46424,6,1.63021285654898,6-1,235,1996-03-17,Penn State,FB,Jason Cabinda
46438,42,8.28969517577814,6-3,315,1994-11-04,Northwestern,NT,Tyler Lancaster
46457,84,3.39524785385353,6-1,248,1997-09-12,Toledo,OLB,Olasunkanmi Adeniyi
46487,142,5.71514604736852,5-11,310,1995-11-19,Texas,NT,Poona Ford
46504,14,8.24961083947079,6-3,300,1994-01-13,Washington State,DT,Daniel Ekuale
46521,34,7.8745714715072,6-2,233,1995-07-27,Iowa,ILB,Ben Niemann
46526,14,0.337898644180635,5-11,224,1995-04-15,Louisiana State,RB,Darrel Williams
46527,34,8.88027157840259,6-3,235,1996-09-19,Washington State,OLB,Frankie Luvu
46536,3,-1.30642978118405,6-2,245,1994-09-07,Nevada-Las Vegas,FB,Johnny Stanton
46543,25,4.25872958713976,6-4,280,1995-09-19,Oregon,DE,Henry Mondeaux
46618,35,8.20093381940296,6-2,305,1995-08-18,South Carolina,DT,Taylor Stallworth
46629,46,1.21382534708315,6-5,307,1995-11-27,Nebraska,C,Nick Gates
46652,2,3.04924196088691,5-11,189,1996-08-07,Georgia State,CB,Chandon Sullivan
46657,31,7.55964952323115,6-0,232,1994-08-09,Sioux Falls,OLB,Dennis Gardeck
46672,2,2.14559741443481,5-10,205,1996-03-11,Ferris State,CB,Tavierre Thomas
46679,150,-1.7942122697375,6-2,302,1996-09-16,Southern Methodist,C,Evan Brown
46680,5,7.56839941828817,5-10,205,1996-04-27,Temple,SS,Sean Chandler
46689,32,-0.380157474751371,6-6,318,1994-10-05,Iowa,G,Ike Boettger
46700,4,2.88887709776415,5-11,185,1996-03-05,Vanderbilt,CB,Tre Herndon
46757,2,7.96173271237874,6-1,195,1996-05-16,Middle Tennessee,CB,Charvarius Ward
46775,2,3.12356313173969,6-1,198,1995-11-17,Maryland,CB,J.C. Jackson
46778,1,2.35995006707944,5-11,202,1995-12-15,Mississippi,FS,A.J. Moore
46786,2,6.70914467475939,6-4,275,07/16/1995,Old Dominion,DE,Bunmi Rotimi
46796,7,2.23639124884157,6-4,272,1995-12-30,Buffalo,DE,Demone Harris
46843,3,4.67220453867226,6-4,250,1995-10-01,Temple,OLB,Sharif Finch
46902,5,5.92722052137734,6-1,229,1995-12-14,Western Michigan,OLB,Robert Spillane
46958,23,2.99520247064643,6-2,230,1995-07-23,North Dakota State,MLB,Chris Board
47016,39,7.10156379125799,6-2,255,1991-12-24,Tennessee,ILB,A.J. Johnson
47605,9,-1.58412257779135,5-10,208,1996-02-27,South Florida,RB,D'Ernest Johnson
47749,11,-1.66567377152291,6-3,255,1994-12-15,Tennessee,FB,Jakob Johnson
47785,137,4.23656951726683,6-4,266,1997-10-23,Ohio State,DE,Nick Bosa
47786,130,3.2523293831692,6-3,303,1997-12-21,Alabama,NT,Quinnen Williams
47787,53,7.15041233798652,6-4,265,1997-05-17,Clemson,DE,Clelin Ferrell
47788,55,6.15327726443504,6-0,237,1998-02-17,Louisiana State,ILB,Devin White
47790,141,7.56309729774657,6-5,262,1997-07-13,Kentucky,OLB,Josh Allen
47791,11,-1.4698765736117,6-5,248,1997-07-03,Iowa,TE,T.J. Hockenson
47792,117,6.66554958372044,6-1,287,1997-12-12,Houston,DT,Ed Oliver
47793,12,7.55998088787895,5-11,233,1998-07-18,Michigan,ILB,Devin Bush
47794,224,0.0375039238600698,6-4,305,1997-11-17,Alabama,T,Jonah Williams
47795,178,7.16673276682347,6-5,277,1997-12-03,Michigan,OLB,Rashan Gary
47796,140,4.47422735430437,6-4,315,1995-12-20,Clemson,DT,Christian Wilkins
47797,256,-0.334285652613531,6-4,307,1997-02-08,Boston College,G,Chris Lindstrom
47799,174,5.78066764953081,6-5,250,1998-04-23,Florida State,DE,Brian Burns
47800,152,2.89174832768891,6-4,342,1997-11-12,Clemson,DE,Dexter Lawrence
47801,218,-1.86601464286319,6-3,305,1995-06-20,North Carolina State,C,Garrett Bradbury
47802,222,2.11735466319595,6-4,300,1997-07-28,Mississippi State,DT,Jeffery Simmons
47803,16,-0.662104713237381,6-4,249,1997-11-20,Iowa,TE,Noah Fant
47804,1,5.28216683767917,5-11,200,1997-07-30,Maryland,SS,Darnell Savage
47805,161,1.66296608141394,6-5,315,1995-10-03,Washington State,T,Andre Dillard
47806,214,0.919323401088739,6-5,322,1996-05-23,Alabama State,T,Tytus Howard
47809,206,2.64601800530739,6-6,262,1996-09-04,Mississippi State,DE,Montez Sweat
47810,12,4.99948460485931,6-0,205,1996-10-25,Mississippi State,SS,Johnathan Abram
47811,157,7.78570265986459,6-6,295,1996-10-08,Notre Dame,DT,Jerry Tillery
47812,19,2.77170649365613,6-2,291,1995-09-12,Texas Christian,DE,L.J. Collier
47814,218,-0.0487754085076437,6-6,306,1995-02-22,Washington,T,Kaleb McGary
47816,13,4.46199997163953,5-11,190,1998-01-18,Washington,CB,Byron Murphy
47818,218,1.19416891164078,6-5,312,1997-11-25,Florida,T,Jawaan Taylor
47821,123,-0.518932184496973,6-3,329,1996-12-28,Oklahoma,G,Cody Ford
47823,1,4.40954565988957,6-2,200,1997-09-20,Clemson,CB,Trayvon Mullen
47824,219,-0.318729173117647,6-5,312,1995-07-13,Kansas State,G,Dalton Risner
47826,1,5.65061110164111,6-2,250,1996-09-28,Hawaii,MLB,Jahlani Tavai
47827,109,-1.77014620240432,6-5,310,1995-12-26,Mississippi State,G,Elgton Jenkins
47828,2,6.51397107874891,6-3,212,1997-12-06,Vanderbilt,CB,Joejuan Williams
47829,1,2.11416027201885,6-2,184,1997-12-03,Louisiana State,CB,Greedy Williams
47830,1,6.75760670690867,6-2,195,1997-07-18,Utah,FS,Marquise Blair
47832,36,4.33654558221771,6-3,252,1996-01-19,Texas Christian,DE,Ben Banogu
47835,16,-0.471348604436954,6-4,259,1996-04-16,Washington,TE,Drew Sample
47836,23,0.109626245418497,5-11,211,1997-05-01,Penn State,RB,Miles Sanders
47838,193,-1.53159634197004,6-6,325,1996-08-10,Northern Illinois,G,Max Scharping
47840,4,0.632826338719141,6-2,225,1996-12-31,Stanford,TE,J.J. Arcega-Whiteside
47844,10,7.81517343713487,6-0,208,1997-12-22,Washington,FS,Taylor Rapp
47846,6,6.4312390260476,6-0,205,1995-10-19,Virginia,FS,Juan Thornhill
47848,95,2.48641709695246,6-4,281,1997-08-20,Boston College,DE,Zach Allen
47853,30,-0.901294995803092,5-8,200,1997-08-19,Memphis,RB,Darrell Henderson
47854,166,7.58365938177398,6-3,281,1997-01-05,Ohio State,DE,Dre'Mont Jones
47855,8,6.28240938023277,6-2,245,1996-05-21,North Carolina State,OLB,Germaine Pratt
47856,10,-1.11531219441297,5-10,222,1997-06-07,Iowa State,RB,David Montgomery
47857,17,1.02099841265281,5-7,203,1997-09-03,Florida Atlantic,RB,Devin Singletary
47860,41,8.11125722082352,6-3,251,1995-04-19,Michigan,DE,Chase Winovich
47863,4,3.63356861655674,6-1,238,1995-06-08,Brigham Young,OLB,Sione Takitaki
47864,4,7.97650213522769,6-1,207,1995-12-19,Boston College,SS,Will Harris
47867,61,7.0698014789465,6-0,324,1996-08-09,Western Illinois,DT,Khalen Saunders
47868,6,4.59790606701898,6-5,275,1995-12-14,Louisiana Tech,OLB,Jaylon Ferguson
47870,27,-0.243040539744071,5-11,215,1997-02-11,Alabama,RB,Damien Harris
47871,2,6.04130000671422,6-2,237,1996-11-13,Utah,MLB,Cody Barton
47872,18,6.24735740435718,6-1,234,1996-07-29,Stanford,MLB,Bobby Okereke
47873,57,-1.79390605831329,6-5,308,1997-11-03,Penn State,G,Connor McGovern
47874,6,-1.88081828772573,6-6,307,1996-09-05,Sioux Falls,T,Trey Pipkins
47877,1,7.4288969892544,6-1,206,1996-10-15,Auburn,CB,Jamel Dean
47878,71,3.38271798748615,6-4,250,1996-12-07,Old Dominion,OLB,Oshane Ximines
47879,10,-0.10044274695128,6-4,254,1996-11-14,Mississippi,TE,Dawson Knox
47881,10,5.02791024135892,5-11,226,1996-08-28,Murray State,OLB,Quincy Williams
47882,10,8.10700812681665,5-10,200,1996-05-18,Kentucky,FS,Mike Edwards
47888,14,5.43454911602562,5-11,208,1997-12-20,Florida,SS,Chauncey Gardner-Johnson
47889,218,2.33482174016867,6-5,255,1997-08-22,Eastern Michigan,DE,Maxx Crosby
47890,49,6.31374028528125,6-7,272,1997-03-04,Iowa,OLB,Anthony Nelson
47891,9,7.57697812286535,5-11,193,1998-03-19,Notre Dame,SS,Julian Love
47892,8,7.34834156690906,5-11,215,1996-05-07,Michigan State,SS,Khari Willis
47899,1,2.95164676940331,5-11,210,1998-06-14,Iowa,FS,Amani Hooker
47900,49,3.05603995435725,6-6,261,1996-11-12,Clemson,OLB,Austin Bryant
47906,205,1.86128691959692,6-4,310,1996-10-29,Oklahoma,G,Ben Powers
47911,15,-1.77819507984667,6-0,209,1997-04-30,Memphis,RB,Tony Pollard
47913,9,3.35728060889738,6-2,234,1995-08-15,Notre Dame,ILB,Drue Tranquill
47914,43,-1.36278888080262,6-3,316,1996-05-09,Indiana,G,Wes Martin
47915,3,2.97212433431479,5-9,201,1997-05-16,Oregon,FS,Ugochukwu Amadi
47917,98,2.40187870745387,6-1,312,1996-05-06,Washington,NT,Greg Gaines
47919,83,-1.82886505186669,6-6,315,1998-01-25,Ohio State,G,Michael Jordan
47933,136,3.14624735058591,6-3,288,1996-09-26,Texas A&amp;M,DE,Kingsley Keke
47934,81,4.07459116126878,6-4,242,1995-07-01,Wisconsin,OLB,Andrew Van Ginkel
47938,1,2.49314783823454,6-1,240,1998-02-14,Alabama,OLB,Mack Wilson
47939,69,8.73769504166932,6-5,248,1996-01-15,Oregon,OLB,Justin Hollins
47940,1,7.68106270433637,6-1,235,1996-05-10,Minnesota,ILB,Blake Cashman
47944,86,5.90025910380019,6-5,280,1997-08-20,Texas,DE,Charles Omenihu
47947,4,7.39062420832583,6-4,230,1995-06-01,Tarleton State,OLB,E.J. Speed
47948,39,3.0606016707137,6-4,275,1996-12-20,Miami,DE,Joe Jackson
47952,222,-0.571152322515426,6-6,308,1997-03-20,Wisconsin,G,David Edwards
47956,28,5.90885212528785,6-1,240,1996-07-30,North Carolina,OLB,Cole Holcomb
47959,21,-1.27907914575227,6-5,252,1997-04-24,Stanford,TE,Kaden Smith
47971,30,6.1466287204972,5-11,224,1996-10-12,West Virginia,ILB,David Long
47973,65,3.69448930500411,6-5,295,1996-07-22,Arkansas,NT,Armon Watts
47975,42,6.51853931142315,6-3,295,1996-08-24,Alabama,DE,Isaiah Buggs
47976,218,-0.818835095697929,6-5,323,1997-02-14,Elon,T,Olisaemeka Udoh
47985,4,0.762736056742864,6-7,305,1997-07-29,Ohio State,T,Isaiah Prince
47987,22,-0.228425817398643,5-10,202,1998-08-07,Miami,RB,Travis Homer
47995,176,1.83034470556753,6-6,324,1996-08-07,South Carolina,G,Dennis Daley
47996,1,8.0677276104226,6-0,204,1995-02-21,Texas A&amp;M,SS,Donovan Wilson
48008,6,7.62690706126736,6-6,253,1997-04-04,North Carolina A&amp;T,DE,Darryl Johnson
48011,5,1.00137526268059,6-5,251,1995-07-01,Boston College,TE,Tommy Sweeney
48017,32,0.125018564402869,5-10,200,1997-02-15,Washington,RB,Myles Gaskin
48026,1,6.02986309024628,5-11,200,1995-05-17,Penn State,SS,Nick Scott
48027,25,8.85342932847007,6-3,240,1995-06-10,Idaho,OLB,Kaden Elliss
48032,42,7.74221774018845,6-3,284,1996-05-05,Temple,DE,Michael Dogbe
48034,4,3.27701021194944,6-1,232,1995-11-02,Texas Tech,OLB,Dakota Allen
48085,3,0.834292780491141,6-7,326,1997-06-05,Florida,T,Fred Johnson
48089,165,3.94842119292744,6-2,235,1996-08-05,Nevada,OLB,Malik Reed
48096,2,0.929686821975311,6-3,255,1996-05-15,Texas,TE,Andrew Beck
48123,30,7.41938062667463,6-1,285,1997-03-01,Penn State,DT,Kevin Givens
48145,63,5.76961061663342,6-3,255,1996-10-24,Boston College,DE,Wyatt Ray
48158,31,-0.950111255845785,6-5,314,1995-09-08,Notre Dame,G,Alex Bars
48159,210,-0.671154844443927,6-2,311,1996-08-13,Notre Dame,C,Sam Mustipher
48198,58,5.64181834652343,6-3,366,1995-10-20,Michigan,NT,Bryan Mone
48220,198,-1.08355883750415,6-4,308,1997-08-13,California,G,Patrick Mekari
48247,35,4.38422388786103,6-6,255,1997-08-11,Old Dominion,DE,Tim Ward
48268,22,8.54242887227015,6-2,228,1997-08-04,Florida Atlantic,MLB,Azeez Al-Shaair
48364,4,8.64763052556804,6-2,230,1996-10-09,Illinois,OLB,Del'Shawn Phillips
48447,1,8.43242132360316,5-10,202,1997-02-12,Texas,FS,P.J. Locke
48455,286,-1.71022684643022,6-7,299,1995-12-19,Iowa,T,Matt Nelson
48456,18,1.06693026598357,6-8,237,1997-08-16,Stetson University,TE,Donald Parham
48462,14,3.60013815375089,6-4,285,1996-08-05,Texas-San Antonio,DE,Kevin Strong
48473,5,3.98848759057385,6-4,280,1997-09-12,Georgia,DE,Jonathan Ledbetter
48475,3,1.54391068628818,6-5,255,1995-10-06,Temple,TE,Chris Myarick
48476,8,2.49122406434491,6-0,193,1996-11-04,Texas-El Paso,CB,Nik Needham
48482,1,4.31429888050524,6-0,237,1998-06-25,Texas A&amp;M,MLB,Tyrel Dodson
48485,103,1.75054786286648,6-5,310,1996-01-11,Northwestern,G,Blake Hance
48487,1,7.9363644986449,5-9,185,1997-04-13,Buffalo,CB,Cameron Lewis
48508,6,4.65761417775916,6-0,209,1996-12-05,Wyoming,FS,Andrew Wingard
48512,4,-0.428118707993165,6-4,300,1997-02-14,Penn State,C,Ryan Bates
48520,3,5.94263873411876,6-5,350,1996-09-01,Alabama-Birmingham,DT,Anthony Rush
48524,3,5.14948903434642,6-0,190,1995-05-31,Coastal Carolina,CB,Anthony Chesley
48537,90,2.80363109090427,6-5,261,1996-12-18,Wyoming,DE,Carl Granderson
48544,83,3.882037197627,6-3,300,1995-10-20,Tennessee,DT,Shy Tuttle
48554,1,8.58170797386675,6-1,225,1996-11-16,Michigan State,OLB,Andrew Dowell
48565,1,4.27827240180463,6-4,197,1997-07-10,Kentucky,CB,Chris Westry
48566,2,3.1406841621382,6-3,279,01/16/1996,Kansas,DE,Daniel Wise
48581,2,5.67955933962482,6-0,205,1997-05-12,Tulane,CB,Roderic Teamer
48599,46,5.3302833727601,6-3,305,1997-06-27,Clemson,DT,Albert Huggins
48663,34,7.93131482708246,6-4,280,1998-02-06,Oklahoma,DE,Amani Bledsoe
48671,2,8.04991557658505,6-3,250,1995-11-15,Sam Houston State,OLB,Derick Roberson
48780,16,7.15077280249255,6-3,245,1994-09-13,Delaware,ILB,Troy Reeder
49410,2,7.82191689493687,5-11,190,1998-07-18,Washington State,FS,Jalen Thompson
52410,232,8.72983528900558,6-5,265,1999-04-14,Ohio State,DE,Chase Young
52412,166,-1.44209183008405,6-5,326,1999-01-22,Georgia,T,Andrew Thomas
52415,140,5.59169496536962,6-5,318,1998-04-15,Auburn,DT,Derrick Brown
52416,31,5.25567544093423,6-3,225,1998-07-26,Clemson,ILB,Isaiah Simmons
52418,118,-0.572816299862322,6-5,320,1999-05-17,Alabama,T,Jedrick Wills
52421,273,-0.0184479866114104,6-5,322,1999-01-24,Iowa,T,Tristan Wirfs
52422,70,6.78580674483589,6-6,310,1997-10-03,South Carolina,DT,Javon Kinlaw
52425,1,1.6055567367365,6-2,189,1999-04-08,Oklahoma,WR,CeeDee Lamb
52426,248,-1.27645527095308,6-6,310,1999-08-11,Southern California,T,Austin Jackson
52428,55,2.53857890317467,6-4,250,1999-07-25,Louisiana State,OLB,K'Lavon Chaisson
52431,6,2.69621174750126,6-3,234,1998-11-16,Oklahoma,ILB,Kenneth Murray
52432,163,-1.70409605398414,6-3,319,1999-06-14,Michigan,G,Cesar Ruiz
52435,18,6.32334393506053,6-1,245,1997-10-21,Texas Tech,OLB,Jordyn Brooks
52436,24,5.23569494720424,6-1,227,1999-08-13,Louisiana State,MLB,Patrick Queen
52438,1,2.1712008974521,5-11,196,1999-11-27,Auburn,CB,Noah Igbinoghene
52440,14,-0.731375012033736,5-8,209,1999-04-11,Louisiana State,RB,Clyde Edwards-Helaire
52442,1,1.79567868189344,6-4,220,1997-10-05,Southern California,WR,Michael Pittman
52443,26,1.5327291916193,5-10,211,1999-01-14,Georgia,RB,D'Andre Swift
52444,1,6.60028293442909,6-1,197,1998-08-08,"Alabama-Tuscaloosa, University",FS,Xavier McKinney
52445,8,6.30654100132764,6-2,216,1996-03-22,Lenoir-Rhyne,FS,Kyle Dugger
52446,42,2.10437118705246,6-5,264,1998-02-26,Penn State,DE,Yetur Gross-Matos
52447,267,-1.46562050750636,6-5,322,1996-08-25,Louisiana-Lafayette,G,Robert Hunt
52448,55,6.71725742403802,6-4,305,1998-07-09,Texas Christian,DT,Ross Blacklock
52450,2,1.48000214215377,6-2,220,1998-10-05,Colorado,WR,Laviska Shenault
52451,27,-1.62291352244586,6-6,258,1999-03-10,Notre Dame,TE,Cole Kmet
52452,3,5.72178299135027,6-3,203,1998-09-20,,SS,Grant Delpit
52453,8,3.81254037113151,5-9,205,1998-08-16,Minnesota,FS,Antoine Winfield
52455,39,3.21592593840579,6-3,279,1998-05-11,Auburn,DT,Marlon Davidson
52456,89,7.17508295162209,6-3,253,1997-03-24,Tennessee,DE,Darrell Taylor
52462,75,7.26087348803553,6-5,280,1998-09-15,Iowa,DE,A.J. Epenesa
52464,47,6.96060598081953,6-7,310,,Alabama,NT,Raekwon Davis
52466,218,-0.343757872266312,6-6,310,1998-05-08,Boise State,G,Ezra Cleveland
52468,88,4.40060181347795,6-2,250,1998-09-18,Michigan,OLB,Josh Uche
52469,1,4.00702324872948,6-0,200,1998-09-03,Louisiana State,CB,Kristian Fulton
52470,13,-1.94551516106087,6-1,250,1998-05-02,Boston College,RB,A.J. Dillon
52471,8,4.60615245156831,6-2,235,1998-02-15,Mississippi State,OLB,Willie Gay
52472,25,2.99097975980239,6-3,212,1998-02-26,Southern Illinois,FS,Jeremy Chinn
52473,20,5.10622759924039,6-2,250,1996-07-08,Wyoming,ILB,Logan Wilson
52474,16,-1.33605592832938,6-2,221,1998-06-23,Memphis,RB,Antonio Gibson
52475,60,8.54718347043702,6-5,241,1997-12-27,Notre Dame,OLB,Julian Okwara
52476,2,8.40266075053221,6-1,200,1996-10-10,California,SS,Ashtyn Davis
52477,160,-1.34929824808596,6-3,332,1997-03-21,Louisiana State,G,Damien Lewis
52478,23,8.4874965164249,6-0,205,1998-04-02,Texas,SS,Brandon Jones
52479,90,8.74521652240567,6-3,300,1997-11-17,Texas A&amp;M,DT,Justin Madubuike
52480,198,-1.42734258191262,6-7,310,1997-06-22,Houston,G,Josh Jones
52481,54,8.73077753555907,6-4,310,1997-02-01,Ohio State,DT,Davon Hamilton
52482,7,6.13666630625236,6-3,235,1996-12-30,Wisconsin,OLB,Zack Baun
52483,286,0.284607928468046,6-4,305,1997-02-05,Ohio State,G,Jonah Jackson
52486,256,0.178482718462829,6-4,290,1997-11-17,Temple,C,Matt Hennessy
52491,266,-1.72288207345077,6-4,315,1997-11-22,Louisiana State,C,Lloyd Cushenberry
52492,134,6.04863920028621,6-5,252,1998-08-25,Alabama,OLB,Terrell Lewis
52493,2,3.11619596708218,6-1,204,1998-08-24,Utah,FS,Julian Blackmon
52494,12,0.507605677309487,5-10,215,1997-12-15,Utah,RB,Zack Moss
52496,68,4.81696350438729,6-4,315,1997-11-23,Missouri,DT,Jordan Elliott
52498,68,8.69395284754753,6-3,259,1997-05-25,Florida,DE,Jonathan Greenard
52502,5,-1.04124800187877,6-3,240,1997-02-14,Cincinnati,TE,Josiah Deguara
52503,12,7.75677708780906,6-3,300,1997-09-25,Arkansas,DE,McTelvin Agim
52504,189,-0.842159481917375,6-7,328,,,T,Lucas Niang
52506,15,4.1775236480559,6-3,245,1998-03-05,Ohio State,OLB,Malik Harrison
52507,115,-0.945575750116033,6-7,303,1997-06-11,Connecticut,T,Matt Peart
52510,113,3.85410264564026,6-4,242,1997-08-07,North Carolina-Charlotte,OLB,Alex Highsmith
52512,1,7.71194155403742,6-0,198,1997-08-18,Utah,FS,Terrell Burgess
52513,20,-1.12044976109577,6-6,253,1997-02-05,Dayton,TE,Adam Trautman
52514,54,-1.28597777457633,6-5,345,1997-01-29,Mississippi State,G,Tyre Phillips
52515,10,7.062517295666,6-2,215,1997-09-21,Appalachian State,ILB,Akeem Davis-Gaither
52518,5,8.0877658072009,5-10,198,1998-06-23,UCLA,CB,Darnay Holmes
52520,5,1.46886596564319,5-11,219,1997-11-20,UCLA,RB,Joshua Kelley
52522,57,6.27673929627576,6-5,335,1998-08-23,Utah,DT,Leki Fotu
52523,5,-0.679200505097976,6-5,240,1998-04-23,Florida Atlantic,TE,Harrison Bryant
52524,82,-1.22494443754909,6-6,305,1998-07-22,"St. John's, Minn.",T,Ben Bartch
52525,143,3.46683478493829,6-5,260,1997-10-31,South Carolina,DE,D.J. Wonnum
52526,8,0.620845113598127,6-5,255,1998-04-25,Missouri,TE,Albert Okwuegbunam
52527,4,5.91539060746352,6-3,219,1997-08-28,Fresno State,ILB,Mykal Walker
52534,99,-0.887590740031006,6-8,315,1996-11-20,North Carolina,T,Charlie Heck
52538,9,5.92440889294195,6-4,295,1999-01-20,Baylor,NT,James Lynch
52539,46,7.6863273466681,6-2,308,,Louisiana State,NT,Rashard Lawrence
52541,9,-1.96897720607558,6-7,251,1999-01-08,Stanford,TE,Colby Parkinson
52542,1,5.12893625649404,6-2,210,1997-08-25,California,FS,Jaylinn Hawkins
52546,21,5.00570143969307,6-1,193,1997-01-21,Louisiana Tech,CB,L'Jarius Sneed
52548,1,6.59851851119259,6-1,235,1997-10-28,Miami,MLB,Shaquille Quarterman
52551,99,1.54455656969541,6-4,325,1998-02-20,Michigan,G,Ben Bredeson
52553,149,-0.14589892167007,6-5,296,1997-04-01,Auburn,T,Jack Driscoll
52554,215,-0.895849789047186,6-3,320,1997-11-20,Wisconsin,C,Tyler Biadasz
52556,43,3.18027780329981,6-4,260,1998-06-02,Syracuse,DE,Alton Robinson
52563,56,8.15088465958812,6-4,268,1997-06-13,Tulsa,OLB,Trevis Gipson
52566,5,5.21991407992925,6-1,201,,,CB,Bryce Hall
52570,2,8.415179798312,6-0,220,1997-12-06,Michigan,MLB,Khaleke Hudson
52578,36,2.33023870201647,6-3,305,1996-12-04,Texas Tech,DT,Broderick Washington
52582,45,5.29593316339819,6-3,291,1997-04-24,North Carolina State,DT,Larrell Murchison
52585,149,3.92222426744353,6-2,255,,Michigan,DE,Michael Danna
52586,23,7.91373255500154,6-3,235,1996-08-21,,ILB,Justin Strnad
52587,29,2.63096805910292,6-3,265,,Utah,DE,Bradlee Anae
52589,86,1.52307034422832,6-3,307,1999-03-27,Fresno State,G,Netane Muti
52590,193,0.0072942285925634,6-3,350,1997-12-10,Michigan,G,Michael Onwenu
52591,2,6.74337363648302,6-5,233,1998-04-01,Penn State,OLB,Cam Brown
52592,46,4.18755299369696,6-1,333,,Baylor,DT,Bravvion Roy
52600,174,-0.0291445695359414,6-5,321,1997-08-08,Michigan,G,Jon Runyan
52602,4,4.01458361291953,6-2,315,1996-08-22,Nebraska,DT,Khalil Davis
52603,170,-0.185899063938912,6-5,290,1995-11-27,Wake Forest,T,Justin Herron
52605,35,6.24679168806249,6-2,333,1997-05-31,Utah,NT,John Penisini
52607,2,2.32089388519992,6-2,205,1998-03-04,Ohio State,SS,Jordan Fuller
52622,2,1.33636582965379,6-0,199,1998-08-04,Florida,WR,Freddie Swain
52623,1,8.16016410747208,6-1,240,1997-03-07,Purdue,ILB,Markus Bailey
52624,5,8.84213017307952,6-2,203,,Arkansas,FS,Kamren Curl
52626,17,3.40792147918234,6-4,245,,Minnesota,ILB,Carter Coughlin
52637,74,6.67471135055772,6-3,265,,North Carolina State,DE,James Smith-Williams
52640,9,6.32301429635572,6-2,320,1996-08-22,Nebraska,DT,Carlos Davis
52641,28,8.77828706185366,6-4,247,1996-08-22,Stanford,DE,Casey Toohill
52643,3,2.66494743240631,6-3,285,,,DE,Jashon Cornell
52649,1,5.55109784372132,6-1,230,1997-01-20,Temple,MLB,Chapelle Russell
52650,84,2.81609925896424,6-4,250,1999-07-28,Miami,OLB,Jonathan Garvin
52651,3,6.77925418789112,6-0,186,1998-04-13,Marshall,CB,Chris Jackson
52662,13,7.37790916185488,6-5,246,,North Dakota State,OLB,Derrek Tuszka
52663,21,7.02707862761173,6-3,235,1997-03-12,Georgia,ILB,Tae Crowder
52665,92,8.50973558237378,6-3,290,1998-06-09,Texas,DT,Malcolm Roach
52666,151,0.873086809686136,6-5,318,1996-08-16,Oregon,T,Calvin Throckmorton
52733,21,0.887537881884844,5-10,220,1998-08-09,Illinois State,RB,James Robinson
52759,14,8.42258897637409,6-2,305,1998-06-16,Wagner,DT,Chris Williams
52762,4,-0.563522257126362,5-11,225,1997-11-24,Notre Dame,RB,Tony Jones
52783,40,-0.181244939373371,6-7,330,1998-05-21,Missouri,G,Yasir Durant
52792,106,4.93256601000847,6-4,255,1998-06-25,Missouri S&amp;T,DT,Tershawn Wharton
52797,1,3.63967745499485,6-2,235,1998-02-26,Michigan State,OLB,Joe Bachie
52805,26,7.98103778193731,6-4,275,1996-09-27,Northwestern,DE,Joe Gaziano
52829,6,6.61539724481797,6-2,295,1996-10-15,Louisiana State,NT,Breiden Fehoko
52830,12,7.90016121642222,6-4,270,1998-01-30,Texas-San Antonio,DT,Eric Banks
52835,50,5.98107472261353,6-4,310,1997-10-05,Brown,DT,Michael Hoecht
52846,42,2.5616439091677,6-5,275,1995-08-17,Weber State,DE,Jonah Williams
52852,1,6.05307127811118,5-11,211,1997-08-05,Mississippi,FS,Myles Hartsfield
52858,1,-0.771295481515774,6-3,240,1996-10-16,Western Michigan,FB,Giovanni Ricci
52863,4,8.08253524836717,6-1,235,1998-04-02,UCLA,ILB,Krys Barnes
52886,1,2.11310342361947,6-3,225,1997-02-14,Baylor,OLB,Blake Lynch
52887,5,5.64705120753883,6-3,296,1996-06-14,Boise State,DT,David Moa
52894,28,0.12871296287948,6-4,315,1998-03-23,Missouri,C,Trystan Colon
52922,8,-1.12477112781737,5-11,196,1998-12-29,Washington,RB,Salvon Ahmed
52932,19,4.20192566107746,6-3,260,1998-01-18,North Texas,OLB,Ladarius Hamilton
52939,4,6.70530448364575,6-3,210,1996-02-02,Temple,SS,Sam Franklin
52945,4,3.52219364203219,5-11,185,1995-07-16,Arizona,CB,Jace Whittaker
52971,35,4.41054664572023,6-3,255,,,OLB,Jamir Jones
52979,25,6.99947686418423,6-3,275,1997-06-12,Mississippi State,OLB,Chauncey Rivers
52991,1,7.24780617351253,5-8,180,1998-01-02,Washington,CB,Myles Bryant
53039,13,7.1535603892769,6-4,235,,,DE,Azur Kamara
53051,6,5.95306311817854,5-10,190,1998-08-06,Utah,CB,Javelin Guidry
53053,135,4.051619046756,6-3,255,1998-04-17,Memphis,DE,Bryce Huff
53059,1,6.07971486476894,6-3,239,1998-05-24,Iowa,MLB,Kristian Welch
53073,91,7.111297880305,6-3,290,1997-02-28,Florida International,DT,Teair Tart
53079,4,1.68791911432568,6-1,255,1997-08-20,Toledo,FB,Reggie Gilliam
53091,1,-1.38644464092061,5-11,208,1996-05-17,Oregon State,RB,Artavis Pierce
53180,13,1.04554800964758,6-0,220,,,RB,Ty'Son Williams
53315,1,2.49996560483208,6-4,245,,,OLB,Aaron Patrick
53433,5,0.186590718127229,6-6,250,,,TE,Kyle Pitts
53436,286,-1.52740097574726,6-6,325,,,T,Penei Sewell
53437,1,5.41973225021612,6-1,200,,,CB,Jaycee Horn
53438,1,3.52214850085149,6-2,203,,,CB,Patrick Surtain
53441,96,5.05816952130802,6-3,245,,,OLB,Micah Parsons
53442,238,-0.917426369571438,6-3,305,,,T,Rashawn Slater
53445,13,2.86095488793847,6-4,260,,,ILB,Zaven Collins
53447,148,2.10342343404839,6-5,266,,,OLB,Jaelan Phillips
53448,16,2.76422304864962,6-4,234,,,MLB,Jamin Davis
53450,84,7.72342304945594,6-3,265,,,DE,Kwity Paye
53452,54,0.41374921220468,6-5,314,,,T,Christian Darrisaw
53457,90,4.82559472705072,6-6,270,,,DE,Payton Turner
53459,87,7.87484477326638,6-7,253,,,DE,Gregory Rousseau
53460,172,8.81021596535999,6-5,252,,,OLB,Odafe Oweh
53461,108,2.25179428532166,6-5,262,,,OLB,Joe Tryon
53462,1,5.83979729421466,6-2,185,,,CB,Tyson Campbell
53464,19,-0.0881388036440764,5-10,220,,,RB,Javonte Williams
53465,11,7.24865335777749,6-1,196,,,FS,Jevon Holland
53466,201,-0.91694146714032,6-6,325,,,G,Landon Dickerson
53467,160,3.57694763073892,6-5,310,,,DT,Christian Barmore
53469,3,7.73873611571553,6-0,194,,,SS,Richie Grant
53470,47,3.08210717506697,6-3,293,,,DE,Levi Onwuzurike
53471,240,0.566826591616071,6-6,308,,,T,Liam Eichenberg
53472,1,7.42164830837646,6-2,202,,,FS,Trevon Moehrig
53475,142,1.10856505452497,6-5,345,,,G,Jackson Carman
53479,135,3.51018472859738,6-2,250,,,OLB,Azeez Ojulari
53480,148,0.445458621862084,6-5,295,,,T,Samuel Cosmi
53481,20,2.17577077832382,6-1,215,,,OLB,Jeremiah Owusu-Koramoah
53487,19,5.25528185654708,6-0,232,,,ILB,Nick Bolton
53489,13,3.09492189795208,6-3,242,,,OLB,Pete Werner
53490,32,7.79132223527077,6-4,273,,,DE,Carlos Basham
53491,115,-1.3143649944269,6-5,312,,,C,Josh Myers
53492,297,0.119690400684892,6-5,316,,,C,Creed Humphrey
53497,253,-1.18220017369334,6-5,320,,,G,Jalen Mayfield
53499,81,-0.681147429430242,6-6,297,,,T,Brady Christensen
53501,57,2.95477309585138,6-2,315,,,NT,Alim McNeill
53502,68,2.24415238008781,6-4,278,,,DT,Milton Williams
53504,148,5.82115738831729,6-2,280,,,DT,Osa Odighizuwa
53509,2,4.63879389072007,6-3,223,,,OLB,Divine Deablo
53510,3,0.68107226424488,6-5,253,,,TE,Hunter Long
53512,11,-0.0327425574957672,6-4,248,,,TE,Tommy Tremble
53513,73,5.09646076047627,6-5,270,,,DE,Chauncey Golston
53522,100,0.429835387024024,6-9,321,,,T,Spencer Brown
53523,50,-1.20954631083691,6-7,344,,,G,Ben Cleveland
53529,12,8.22311159851141,5-10,190,,,CB,Elijah Molden
53530,2,2.46222939516651,6-3,213,,,CB,Ifeatu Melifonwu
53532,3,6.22085633976377,6-2,230,,,ILB,Ernest Jones
53533,15,4.73797693891911,6-0,206,,,FS,Brandon Stephens
53534,2,5.78648856773432,6-3,240,,,ILB,Baron Browning
53535,3,8.8542061880878,6-3,305,,,DT,Jay Tufele
53540,122,6.01904305312375,6-3,280,,,DE,Cameron Sample
53542,2,5.61937619864378,6-1,245,,,ILB,Derrick Barnes
53543,3,0.363127354173433,6-3,300,,,C,Drew Dalman
53547,19,5.46494222859329,6-4,235,,,OLB,Chris Rumph
53553,7,1.20128056933644,6-6,256,,,TE,John Bates
53555,17,-1.0252808035231,6-1,207,,,RB,Chuba Hubbard
53564,4,4.66492764408175,6-5,270,,,OLB,Rashad Weaver
53565,1,3.20985289501723,5-11,191,,,CB,Marco Wilson
53571,202,1.85354918213805,6-5,305,,,T,Royce Newman
53573,21,6.16318508034894,6-7,265,,,DE,Joshua Kaindoh
53574,5,-0.883744241670708,6-6,258,,,TE,Luke Farrell
53575,5,2.89806888411031,6-1,220,,,ILB,Jamien Sherwood
53577,52,6.43164639130856,6-4,285,,,DE,Ta'Quon Graham
53579,10,-0.757115921523408,5-11,191,,,RB,Kenneth Gainwell
53581,4,6.68205755949747,6-1,205,,,FS,Caden Sterns
53583,11,2.75667422747225,5-10,190,,,CB,Michael Carter
53585,32,8.71894769271001,6-7,293,,,DE,Isaiahh Loudermilk
53587,31,8.05862645520047,6-3,305,,,DT,Daviyon Nixon
53590,1,-0.25196274633929,6-8,315,,,T,Tommy Doyle
53596,5,8.2327854886335,6-0,195,,,CB,Nate Hobbs
53600,3,3.62093013775101,6-3,258,,,OLB,Daelin Hayes
53601,1,3.33590551341833,5-11,202,,,CB,Deommodore Lenoir
53602,23,4.92917421348799,6-5,340,,,DT,Tedarrell Slaton
53605,1,7.84746375268105,6-0,228,,,ILB,K.J. Britt
53609,5,7.20873215347234,6-1,215,,,SS,Talanoa Hufanga
53611,72,7.29788116773276,6-4,268,,,OLB,Adetokunbo Ogundeji
53612,4,3.09965859715443,5-9,195,,,RB,Avery Williams
53615,1,2.78278283737482,6-4,215,,,ILB,Hamsah Nasirildeen
53618,5,7.07755825634152,6-3,305,,,DT,Marlon Tuipulotu
53619,23,-1.47993528995404,6-3,330,,,C,Trey Hill
53620,23,2.15881285045229,6-2,260,,,DE,Tarron Jackson
53621,43,3.69850499562011,6-5,355,,,DT,Quinton Bohanna
53624,73,7.71194355640285,6-2,318,,,DT,Roy Lopez
53627,10,-1.65746928124798,5-10,210,,,RB,Larry Rountree
53631,3,0.917495967310226,5-11,216,,,RB,Chris Evans
53636,3,7.66768964891557,6-3,317,,,DT,Jonathan Marshall
53639,7,5.58924897932144,6-3,265,,,OLB,Victor Dimukeje
53645,19,8.23101821431151,6-3,232,,,OLB,Quincy Roche
53646,19,1.57324950178129,5-9,212,,,RB,Khalil Herbert
53655,297,1.49221492574107,6-6,325,,,G,Trey Smith
53662,2,-0.395408499057,5-10,205,,,RB,Jake Funk
53663,2,5.41806936403649,6-2,251,,,ILB,Patrick Johnson
53668,52,3.97062750208625,6-4,257,,,OLB,Jonathon Cooper
53674,5,4.84609337693156,6-0,180,,,FS,Tre Norwood
53675,5,8.82309243016005,6-3,252,,,DE,Shaka Toney
53679,24,5.12996649216888,6-4,340,,,NT,Khyiris Tonga
53681,2,2.24715111065233,6-4,245,,,LB,Chris Garrett
53688,1,8.91110845294189,6-1,225,,,ILB,Grant Stuard
53740,11,8.06554015236451,6-3,300,,,DT,Josiah Bronson
53876,27,3.23591509187968,6-3,270,,,DE,Raymond Johnson
53900,48,4.77291248782707,6-4,340,,,DT,Naquan Jones
53910,12,2.42530279005162,6-2,275,,,OLB,Sam Kamara
53930,15,7.56603474083835,6-3,249,,,OLB,Andre Mintze
53935,6,5.08368872090865,6-2,245,,,DE,Darius Hodge
53946,9,0.168024302669843,6-4,260,,,TE,Jack Stoll
53957,12,2.71902721347692,5-11,178,,,CB,A.J. Parker
53960,1,-0.564788352964352,5-9,195,,,RB,Jaret Patterson
53978,11,2.07666585506651,6-3,295,,,DT,Austin Faoliu
53991,3,2.79826559496944,6-1,320,,,DT,Forrest Merrill
53999,2,8.09678024193775,6-4,312,,,DT,Jack Heflin
