tau,sigma,rho,position
"[[0.48052089]
 [0.51856183]]",2.029297537821943,0.6377757203476826,T
"[[0.56932382]
 [0.429453  ]]",1.3239974214652737,0.6689104703895229,C
"[[0.15130652]
 [0.84387057]]",1.5977164123674827,0.8442230831349532,RB
"[[0.44016795]
 [0.56090452]]",2.8678032457614657,0.6460999027107542,TE
"[[0.6847962 ]
 [0.32957191]]",2.9487987814120484,0.5417309706551918,WR
"[[0.60750988]
 [0.40584063]]",6.294886534623954,0.7725708474234111,FB
"[[0.53368199]
 [0.46509491]]",1.5577937413353473,0.6874658110803546,G
