nflId,num_snaps,Name,Position,estimate
29550,186,Jason Peters,T,0.00024175564141
30842,17,Marcedes Lewis,TE,0.0044201793838
30869,217,Andrew Whitworth,T,0.00086250592804
33107,205,Duane Brown,T,0.0060188370129
33131,193,Calais Campbell,DE,0.6126988422
34465,22,Malcolm Jenkins,SS,0.8731613523
34540,12,Jared Cook,TE,0.0036107344387
34654,4,Jason McCourty,FS,0.9495673352
34777,53,Steve McLendon,NT,0.8940862614
35441,180,Ndamukong Suh,DE,0.535720408
35442,5,Gerald McCoy,DT,1.3346627706
35449,36,Tyson Alualu,DE,0.8765405625
35452,29,Brandon Graham,DE,0.7444871712
35454,150,Jason Pierre-Paul,DE,0.1484093461
35459,2,Kareem Jackson,SS,1.2741063251
35466,4,Devin McCourty,FS,1.2739255324
35470,112,Jerry Hughes,DE,0.4390921249
35481,14,Rob Gronkowski,TE,0.004325134824
35485,93,Linval Joseph,NT,0.4203705866
35493,128,Carlos Dunlap,OLB,0.5262822736
35522,36,Corey Peters,DT,0.4530154555
35534,4,Jimmy Graham,TE,0.006469902007
35539,128,Everson Griffen,DE,0.8406208516
35562,119,Al Woods,DT,0.5342276901
37075,160,Von Miller,OLB,0.5620478093
37082,209,Tyron Smith,T,0.0026145834125
37084,188,J.J. Watt,DE,1.739394877
37087,123,Robert Quinn,OLB,0.680816637
37089,68,Ryan Kerrigan,DE,0.3163764224
37090,247,Nate Solder,T,0.0005418712146
37097,196,Cameron Jordan,DE,0.662864803
37100,2,Jimmy Smith,CB,0.6734165874
37101,11,Mark Ingram,RB,0.006094583992
37104,174,Cameron Heyward,DT,1.2840531389
37112,6,Jabaal Sheard,DE,1.274596981
37118,39,Kyle Rudolph,TE,0.005584926176
37130,143,Rodney Hudson,C,0.0070260513667
37145,138,Justin Houston,OLB,0.895326498
37179,3,Luke Stocker,TE,0.003742984518
37213,106,Marcus Cannon,T,0.0003839202498
37229,4,Richard Sherman,CB,1.1649797549
37234,30,Lee Smith,TE,0.005082897821
37240,83,Pernell McPhee,OLB,0.34162205356
37266,242,Jason Kelce,C,0.0017697580153
37308,75,Lawrence Guy,DT,0.461564149
37317,7,Malcolm Smith,MLB,0.7408647296
37724,1,Chris Harris,CB,1.00818435278
37778,5,Josh Bynes,ILB,0.6368212787
37841,90,Mario Addison,DE,0.23799615107
38542,159,Fletcher Cox,DT,0.2097736902
38544,126,Michael Brockers,DE,0.4427150853
38548,123,Melvin Ingram,OLB,0.9516014561
38551,145,Chandler Jones,OLB,0.18942908717
38553,223,Riley Reiff,T,6.0105361397e-05
38555,50,Dont'a Hightower,OLB,0.9197945132
38556,111,Whitney Mercilus,DE,0.6348800665
38557,257,Kevin Zeitler,G,0.00054132216717
38559,10,Harrison Smith,SS,0.60390641333
38577,20,Bobby Wagner,MLB,0.7275042864
38588,27,Lavonte David,ILB,0.690877442
38606,39,Brandon Brooks,G,0.0012287576426
38607,51,Demario Davis,ILB,0.423197301
38619,80,Akiem Hicks,DT,0.63465874
38642,266,Bobby Massie,T,0.00030300071549
38667,173,Malik Jackson,DT,0.756138217
38696,2,Marvin Jones,WR,0.0023605689043
38868,1,Tashaun Gipson,FS,0.9866135525
39008,4,Julian Stanford,OLB,0.751547471
39212,20,Brandon Bolden,RB,0.0069952391225
39907,12,Darren Fells,TE,0.006066892883
39908,2,Erik Harris,FS,0.8764036138
39941,1,Chris Banjo,FS,0.8569744178
39947,160,Eric Fisher,T,0.0015521388183
39950,119,Lane Johnson,T,0.0012235811741
39959,108,Sheldon Richardson,DT,0.6158902897
39960,88,Star Lotulelei,DT,0.3380717724
39965,188,Justin Pugh,G,0.0026739843789
39975,14,Cordarrelle Patterson,RB,0.0042588211828
39976,9,Alec Ogletree,ILB,1.0005818091
39983,6,Zach Ertz,TE,0.001830736309
39985,10,Giovani Bernard,RB,0.00366813243
39989,5,Robert Woods,WR,0.0062933418097
39993,14,Kevin Minter,ILB,0.9169247645
39996,12,Le'Veon Bell,RB,0.0043733863229
39997,120,Johnathan Hankins,NT,1.0509146713
39998,12,Jon Bostic,OLB,0.6313004701
40000,8,Jamie Collins,OLB,2.20655446605
40001,5,Margus Hunt,DT,1.377843755
40008,1,Robert Alford,CB,1.49764767347
40011,6,Travis Kelce,TE,0.004354355403
40017,14,Tyrann Mathieu,SS,2.073078971
40023,87,Terron Armstead,T,0.0008501585676
40030,54,John Jenkins,NT,0.5915455954
40031,14,Logan Ryan,FS,1.3586189433
40039,5,Duron Harmon,SS,0.6939511548
40042,94,Brandon Williams,NT,0.6337347591
40051,108,Alex Okafor,DE,0.3634428147
40070,218,J.C. Tretter,C,0.0016148985327
40074,105,William Gholston,DE,1.116375729
40077,10,John Simon,DE,0.8621359922
40089,167,Oday Aboushi,G,0.0026482466704
40095,124,Steven Means,OLB,0.6051888963
40096,4,A.J. Klein,OLB,0.8134785273
40107,4,Micah Hyde,FS,1.0523675973
40129,26,Latavius Murray,RB,0.0035507166444
40138,6,Rex Burkhead,RB,0.0029682272859
40151,272,Ryan Jensen,C,0.0032597611586
40166,5,Jordan Poyer,SS,0.46825048317
40171,128,Nicholas Williams,DE,0.5163040789
40253,6,Lerentee McCray,DE,0.5877267321
40347,67,Mike Purcell,NT,0.3982647643
40463,16,Brandon Copeland,OLB,0.6271495077
40608,49,Damion Square,NT,0.8096827371
40641,13,Jack Doyle,TE,0.0034723818075
40688,6,A.J. Bouye,CB,1.80796520258
40825,55,Benson Mayowa,OLB,0.8635536469
41222,252,Alejandro Villanueva,T,0.0007358129205
41227,149,Jadeveon Clowney,DE,0.3574823522
41231,142,Khalil Mack,OLB,0.18263075808
41232,256,Jake Matthews,T,0.0010817910135
41235,12,Anthony Barr,OLB,1.429622721
41239,238,Aaron Donald,DT,1.392018678
41243,28,C.J. Mosley,ILB,1.0020077172
41249,84,Dee Ford,DE,1.0279869319
41256,7,Jimmie Ward,FS,0.9229699219
41257,4,Bradley Roby,CB,9.48431978
41262,59,Xavier Su'a-Filo,G,0.0010662553072
41263,25,Demarcus Lawrence,DE,0.898700016
41264,218,Joel Bitonio,G,0.00195794887239
41269,62,Kyle Van Noy,OLB,0.9234380042
41279,57,Jeremiah Attaochu,OLB,0.24195184335
41286,12,Carlos Hyde,RB,0.0056913763229
41293,175,Justin Britt,C,0.0017141095989
41296,202,Billy Turner,T,0.0018180225057
41300,10,Christian Kirksey,OLB,0.780958471
41310,205,Gabe Jackson,G,0.0039465557508
41322,163,Brandon Linder,G,0.00060860063814
41324,73,Michael Schofield,G,0.00106323735109
41332,5,Devonta Freeman,RB,0.0027651365113
41336,66,Justin Ellis,DT,0.5750118749
41338,19,Ross Cockrell,CB,0.5031717738
41341,121,DaQuan Jones,DT,0.994502863
41348,10,Anthony Hitchens,ILB,0.90155854559
41349,6,Logan Thomas,TE,0.005903290958
41358,4,Dontae Johnson,CB,0.8853345067
41359,12,James White,RB,0.003740700602
41363,79,Brent Urban,DE,1.0400112325
41376,5,Ricardo Allen,SS,0.5843829122
41387,6,Caraun Reid,DT,1.0484214044
41390,238,Corey Linsley,C,0.00027610261949
41403,46,Devon Kennard,OLB,0.6537135265
41436,272,Matt Paradis,C,0.0006923286779
41449,60,Shamar Stephen,DE,0.5481605422
41464,136,Shelby Harris,DE,0.483708029
41475,259,Charles Leno,T,6.640258136e-05
41502,21,Daniel Sorensen,FS,0.6686947158
41532,86,James Hurst,T,0.005481839668
41563,112,Cornelius Lucas,T,0.0009181731777
41595,3,Mike Pennel,NT,0.9903195565
41619,221,Trey Hopkins,C,2.0190098678e-05
41630,60,Justin McCray,C,0.0015184564566
41665,55,Tyler Shatley,G,0.0015568264628
41667,15,Josh Wells,T,0.004736418744
41707,1,Tyler Larsen,C,0.0052364711415
41712,14,Damien Williams,RB,0.00522043614
41722,9,Josh Mauro,DE,1.8715740474
41786,147,Kerry Hyder,DE,0.5176651051
41808,16,Keith Smith,FB,0.004743264684
41915,189,Shaquil Barrett,OLB,0.1352250284
41919,14,Zach Kerr,DT,1.1061258787
41939,216,Andrew Norwell,G,0.000142834576357
41947,3,Christian Jones,ILB,0.77737110738
41959,238,Matt Feiler,G,6.5379125702e-05
42030,4,K'Waun Williams,CB,0.9695051428
42031,175,Denico Autry,DE,1.0956109017
42116,8,Adrian Phillips,SS,1.0004276556
42302,23,Chris Manhertz,TE,0.0025126924968
42331,42,Efe Obada,DE,1.2509414078
42346,113,Dante Fowler,OLB,0.1714506446
42348,113,Brandon Scherff,G,8.688581313e-05
42349,207,Leonard Williams,DT,0.917625773
42352,259,Ereck Flowers,G,9.270888712e-05
42355,52,Danny Shelton,NT,0.6499470232
42356,127,Andrus Peat,G,0.00132133071681
42358,19,Melvin Gordon,RB,0.004020985812
42360,141,Arik Armstead,DE,0.7911388497
42362,194,Cameron Erving,T,0.00019715155598
42365,99,Bud Dupree,OLB,1.1128938686
42367,205,D.J. Humphries,T,0.0008401658429
42368,25,Shaq Thompson,OLB,0.6677822211
42370,3,Byron Jones,CB,1.1345892126
42375,99,Malcom Brown,DT,0.341690374
42376,8,Landon Collins,SS,0.4806164556
42377,270,Donovan Smith,T,0.0021981294767
42378,54,Mario Edwards,DT,0.6771874936
42381,117,Preston Smith,OLB,0.7806866856
42382,48,Eddie Goldman,NT,0.8472485043
42386,2,Benardrick McKinney,ILB,0.9915008192
42388,24,Eric Kendricks,ILB,0.6725475359
42389,2,Jaquiski Tartt,SS,1.1232765749
42390,7,Eric Rowe,SS,0.9371248707
42391,3,Denzel Perryman,ILB,0.92331906704
42392,221,Mitch Morse,C,0.0014808265222
42395,24,Jordan Phillips,DE,0.856143116
42398,21,Maxx Williams,TE,0.0039857294404
42400,222,Rob Havenstein,T,0.0011420310957
42401,165,Markus Golden,OLB,0.25288871447
42403,117,Randy Gregory,DE,0.31609173867
42404,270,Ali Marpet,G,0.0016926194955
42406,87,Frank Clark,DE,1.481980021
42410,109,A.J. Cann,G,0.00030734041389
42421,7,P.J. Williams,CB,0.4310401542
42424,221,John Miller,G,0.0005570441591
42427,36,Jordan Hicks,ILB,1.229293168
42429,25,David Johnson,RB,0.0041926740851
42431,188,Danielle Hunter,DE,0.20749535501
42433,48,Carl Davis,NT,1.1987763098
42436,13,Henry Anderson,DE,0.8399622516
42443,104,Angelo Blackson,DT,0.12192520228
42444,97,Trey Flowers,OLB,0.5954274498
42445,221,Daryl Williams,T,0.00218901339448
42460,12,Blake Bell,TE,0.0024439507108
42465,7,Za'Darius Smith,OLB,1.1000731051
42467,12,Kwon Alexander,OLB,1.05224780929
42469,38,Mike Davis,RB,0.0032870517877
42470,13,Damien Wilson,OLB,0.54193271816
42471,199,Jon Feliciano,G,0.0004725770721
42474,192,Shaquille Mason,G,0.0033441552325
42476,116,Max Garcia,C,0.0055136883793
42477,192,Mark Glowinski,G,0.001658800131
42480,165,Grady Jarrett,DT,0.3705278362
42485,4,Adrian Amos,FS,0.846971362
42488,1,Bobby McCain,CB,1.366011581
42497,83,Tyeler Davison,DT,0.3762549309
42500,14,C.J. Uzomah,TE,0.0025967751396
42503,8,Jesse James,TE,0.0033926898425
42535,75,Darius Philon,DT,0.6603669944
42543,1,Quandre Diggs,FS,1.6289328616
42553,58,Christian Ringo,DT,0.4478485922
42559,109,Christian Covington,NT,0.812572537
42560,91,Rakeem Nunez-Roches,DT,0.4457969931
42565,36,Austin Reiter,C,0.0006723453895
42654,53,La'el Collins,T,0.0010302558543
42667,33,Justin Hamilton,DT,1.31128364243
42721,10,Eric Tomlinson,TE,0.0022625109424
42765,122,Chris Reed,G,0.0017093626108
42816,11,Troy Hill,CB,0.82884315
42826,77,DeShawn Williams,DT,0.4915012341
42830,1,Anthony Harris,FS,0.8615388919
42837,42,Malcolm Brown,RB,0.0030276260208
42869,8,James Vaughters,OLB,0.5756242866
42883,247,David Andrews,C,0.0018410748875
42901,4,Dean Marlowe,SS,0.4814999418
42924,250,Jesse Davis,T,4.9472533849e-05
42929,2,Alex Singleton,OLB,1.27474654136
42935,5,Bryce Callahan,CB,0.6257133306
42954,115,Greg Mancz,C,0.000440192974703
43045,224,Quinton Spain,G,2.631395529e-05
43062,7,Nick Dzubnar,ILB,0.8272629471
43292,149,Joey Bosa,OLB,0.692517997
43293,23,Ezekiel Elliott,RB,0.006570054705
43294,7,Jalen Ramsey,CB,0.71246469907
43296,189,DeForest Buckner,DT,0.9714207
43297,143,Jack Conklin,T,0.0022105097521
43298,185,Leonard Floyd,OLB,0.07672145198
43299,1,Eli Apple,CB,0.86274159826
43301,136,Sheldon Rankins,DT,0.84400719054
43302,122,Laremy Tunsil,T,0.0005617050474
43303,1,Karl Joseph,SS,0.8656823677
43306,9,Keanu Neal,MLB,0.6943392274
43307,209,Ryan Kelly,C,0.0010122941691
43308,104,Shaq Lawson,DE,1.2856432614
43316,209,Kenny Clark,NT,0.4370629816
43318,50,Robert Nkemdiche,DT,1.5035041671
43319,43,Vernon Butler,DT,0.4711665991
43320,129,Germain Ifedi,T,0.0014502860715
43321,202,Emmanuel Ogbah,DE,0.50740334
43323,12,Jaylon Smith,MLB,0.542790098
43324,25,Hunter Henry,TE,0.005637908091
43325,19,Myles Jack,MLB,0.7161322982
43326,127,Chris Jones,DT,0.2809629115
43330,14,Reggie Ragland,ILB,0.7913481124
43332,114,Austin Johnson,NT,0.4221309834
43333,93,Jihad Ward,OLB,0.3797226146
43335,60,A'Shawn Robinson,DT,0.42949477559
43337,41,Jason Spriggs,T,9.015356487e-05
43338,147,Jarran Reed,DT,0.3207364299
43341,25,Deion Jones,ILB,0.49321050519
43343,7,Mackensie Alexander,CB,0.9288553909
43344,1,Tyler Boyd,WR,0.0010262383783
43345,210,Cody Whitehair,G,0.0008195683167
43350,13,Vonn Bell,SS,1.025800919
43352,81,Adam Gotsis,DE,0.620625299
43353,5,Kevin Byard,FS,0.9614253544
43354,75,Carl Nassib,DE,1.0265161175
43356,125,Maliek Collins,DT,0.4277631533
43358,198,Yannick Ngakoue,DE,0.948234928
43361,63,Jonathan Bullard,DE,0.34585219498
43366,2,Daryl Worley,CB,0.9594178609
43367,297,Joe Thuney,G,0.0010285441622
43368,81,Isaac Seumalo,G,0.0016594708499
43370,23,Austin Hooper,TE,0.0053079833038
43372,54,Jordan Jenkins,DE,0.5116574943
43373,7,Kendall Fuller,CB,8.73867595
43376,11,Nick Vigil,OLB,0.9827131781
43377,68,Kyler Fackrell,OLB,0.34882580101
43378,151,Javon Hargrave,DT,1.406655082
43384,180,Graham Glasgow,G,0.0029184633239
43387,4,Justin Simmons,FS,0.7789361672
43388,20,Joe Schobert,ILB,1.1448657536
43392,5,Sheldon Day,DT,0.9226216578
43393,12,Tavon Young,CB,0.4841208003
43399,23,Tyler Higbee,TE,0.003284443955
43402,1,Nick Kwiatkoski,ILB,1.3737188348
43404,17,De'Vondre Campbell,ILB,0.5340319164
43405,65,Hassan Ridgeway,DT,2.97723768
43407,5,Juston Burris,SS,0.4758488727
43411,25,Andrew Billings,DT,0.6225384794
43420,7,Blake Martinez,ILB,1.12737653501
43425,28,Devontae Booker,RB,0.0052802654689
43426,136,Dean Lowry,DE,0.9724459018
43435,158,Matt Judon,OLB,0.6247406031
43436,161,Quinton Jefferson,DT,1.4825007149
43441,136,Matt Ioannidis,DT,0.17751863045
43447,146,Brandon Shell,T,0.0057977473941
43453,286,Halapoulivaati Vaitai,G,0.00164227781953
43455,132,D.J. Reader,NT,0.6268441093
43456,1,Marqui Christian,SS,1.19517776101
43460,9,Alex Collins,RB,0.003790983911
43465,5,Andy Janovich,FB,0.006024791438
43474,4,DeAndre Houston-Carson,FS,1.0925027819
43484,145,Wes Schweitzer,G,0.0014796184669
43495,1,Mike Thomas,WR,0.0045430330303
43497,7,Kamu Grugier-Hill,ILB,0.9158280536
43503,20,Elandon Roberts,ILB,0.31462038694
43516,31,Stephen Weatherly,OLB,0.30330794882
43522,1,Jalen Mills,CB,0.8617176837
43533,18,Jayron Kearse,FS,1.43696328177
43540,3,Joe Walker,ILB,1.361245876
43638,94,Justin Zimmer,DT,0.5495095766
43641,17,Mike Hilton,CB,0.3268328554
43645,3,Jarrod Wilson,SS,1.55580841856
43648,41,Justin Murray,T,0.00101556533
43694,47,Michael Pierce,NT,1.30288185137
43695,110,Matt Skura,C,0.0065268578472
43698,6,Woodrow Hamilton,DT,1.3163069702
43700,2,Jonathan Jones,CB,0.69708142692
43712,1,Sharrod Neasman,CB,1.0630421574
43722,17,J.D. McKissic,RB,0.001875885487
43757,3,Andrew Adams,SS,0.59882444713
43775,70,Romeo Okwara,OLB,0.3518619654
43787,60,Roy Robertson-Harris,DT,0.5420580884
43791,130,Morgan Fox,DE,1.599731645
43797,4,Cory Littleton,OLB,1.1578723241
43845,5,Stephen Anderson,TE,0.0040731017014
43854,28,Brennan Scarlett,OLB,0.66552495989
43938,8,Antwaun Woods,DT,1.0365709062
43971,11,C.J. Ham,FB,0.005863044163
43986,5,Antonio Hamilton,CB,0.8644265271
44009,2,J.P. Holtz,TE,0.0049206771339
44068,115,Lucas Patrick,G,0.0014967535473
44075,14,Garrett Griffin,TE,0.004395985067
44174,65,Sam Eguavoen,ILB,0.31044821791
44202,2,Tevaughn Campbell,CB,1.12357662528
44792,12,Mo Alie-Cox,TE,0.0021644599879
44813,186,Myles Garrett,DE,0.2738549813
44815,127,Solomon Thomas,DT,1.1737046541
44816,13,Leonard Fournette,RB,0.003069721807
44818,28,Jamal Adams,SS,1.23052459465
44820,13,Christian McCaffrey,RB,0.0025373102393
44825,157,Haason Reddick,OLB,0.13775681513
44826,142,Derek Barnett,DE,0.16906201349
44827,3,Malik Hooker,FS,0.9695400771
44828,2,Marlon Humphrey,CB,0.8498426977
44829,200,Jonathan Allen,DT,0.4491869708
44830,2,Adoree' Jackson,CB,1.1167540147
44831,18,O.J. Howard,TE,0.0028094120378
44832,257,Garett Bolles,T,0.0017106938063
44834,137,Charles Harris,OLB,0.28586710534
44837,20,Jabrill Peppers,SS,0.6908576295
44838,120,Takkarist McKinley,DE,0.07573133057
44839,2,Tre'Davious White,CB,1.0985978314
44841,20,David Njoku,TE,0.0025098911491
44842,133,T.J. Watt,OLB,1.075625467
44844,163,Ryan Ramczyk,T,0.00058367932295
44845,1,Kevin King,CB,0.9292473658
44846,218,Cam Robinson,T,0.0001808795925
44847,135,Malik McDowell,DT,0.4416975981
44848,15,Budda Baker,SS,1.1182026816
44851,5,Marcus Maye,FS,1.0126168391
44853,19,Dalvin Cook,RB,0.0023246900482
44857,16,Adam Shaheen,TE,0.0024090642294
44859,108,Tyus Bowser,OLB,0.16763504434
44860,23,Joe Mixon,RB,0.0007407814491
44863,76,DeMarcus Walker,DE,0.16877713623
44867,101,Dalvin Tomlinson,DT,0.28496383117
44869,9,Zach Cunningham,ILB,0.5823469964
44871,94,Tanoh Kpassagnon,DE,0.9476072211
44872,2,Chidobe Awuzie,CB,1.2954349197
44875,222,Dion Dawkins,T,0.00023608424548
44876,272,Taylor Moton,T,0.00021142924325
44877,183,Larry Ogunjobi,DT,0.727863801
44879,15,Alvin Kamara,RB,0.001142530244
44880,136,Dawuane Smoot,DE,0.2801959104
44882,41,Pat Elflein,C,0.0020539790533
44886,139,Chris Wormley,DE,0.9655598399
44887,2,Duke Riley,ILB,0.82163921632
44888,28,Alex Anzalone,ILB,0.47178519383
44892,122,Tarell Basham,DE,0.3467374954
44893,1,Fabian Moreau,CB,0.813484078
44902,1,Shaquill Griffin,CB,0.63406088356
44904,2,Jourdan Lewis,CB,0.7103069361
44905,36,Montravius Adams,DE,0.3873655798
44912,16,Jonnu Smith,TE,0.00132713329081
44915,186,Trey Hendrickson,DE,0.4234202228
44917,20,James Conner,RB,0.0026314914269
44922,50,Jaleel Johnson,DT,0.3732440122
44925,1,Eddie Jackson,SS,0.7981510245
44926,8,Rayshawn Jenkins,SS,0.7281926074
44927,15,Samaje Perine,RB,0.00023525230656
44937,9,Jalen Reeves-Maybin,OLB,0.77785607128
44938,73,Samson Ebukam,DE,1.4122569861
44942,8,David Sharpe,T,0.0021521053823
44943,118,Julien Davenport,T,0.0015227818008
44944,124,Deatrich Wise,DE,0.4371806182
44947,13,Jamaal Williams,RB,0.00181571429559
44949,17,Sean Harlow,G,0.00224185663377
44955,74,Carlos Watkins,DE,0.4804726005
44956,5,Marlon Mack,RB,0.0020726945527
44957,119,Grover Stewart,DT,0.62434523
44964,3,Desmond King,CB,0.63851484159
44968,7,Jayon Brown,ILB,1.28148442103
44970,2,Will Holden,T,0.0017360213502
44974,5,Anthony Walker,MLB,1.1113019814
44976,22,Matt Milano,OLB,0.9584813069
44987,17,Eric Saubert,TE,0.00155317444141
44991,102,Davon Godchaux,NT,0.4167239705
44995,23,Aaron Jones,RB,0.00148221546976
44999,22,Chuck Clark,SS,0.6812997443
45006,4,Jordan Evans,OLB,1.1083878648
45007,11,Vincent Taylor,DT,1.028524598
45008,3,Tanner Vallejo,ILB,1.21384003892
45009,152,Al-Quadin Muhammad,DE,0.3570511946
45011,81,D.J. Jones,DT,1.0792950267
45012,259,Chase Roullier,C,9.56188110249e-05
45020,1,Brandon Wilson,FS,1.41828929327
45021,7,Rudy Ford,SS,0.6450265048
45033,8,Ifeadi Odenigbo,DE,0.7778915331
45038,20,Isaac Rochell,DE,0.5562833024
45042,4,Adrian Colbert,FS,0.736221793
45045,1,Elijah Lee,OLB,0.4851923877
45056,197,Kyle Fuller,G,0.0023064560489
45063,7,Pat O'Connor,DE,1.66826076471
45094,7,Johnny Mundt,TE,0.008132602582
45142,3,Darrell Daniels,TE,0.006310660332
45203,5,Tashawn Bower,DE,1.3085003728
45215,6,Eric Wilson,OLB,0.7151520941
45217,3,Cethan Carter,TE,0.004617298171
45226,89,Josh Tupou,NT,0.3267711801
45268,57,Patrick Ricard,FB,0.0045127783069
45274,172,Adam Butler,DE,0.4453863908
45281,3,Jacob Hollister,TE,0.005450558909
45287,16,Kenny Moore,CB,0.61447822728
45302,1,Torry McTyer,CB,1.3576303175
45321,21,Antony Auclair,TE,0.0037622601607
45339,29,Pharaoh Brown,TE,0.0077263411891
45395,8,Arthur Maulet,CB,2.0541712454
45481,21,Ricky Seals-Jones,TE,0.00494178842
45532,10,Blake Jarwin,TE,0.0045688432327
45533,18,Joseph Jones,ILB,1.0617218849
45550,59,Elijah Wilkinson,T,0.0004491889888
45573,20,Austin Ekeler,RB,5.318658628e-05
45594,8,Colin Thompson,TE,0.003215270234
45630,211,Storm Norton,T,0.002378053542
45635,5,Robert Tonyan,TE,0.0050193834984
45719,2,Dare Ogunbowale,RB,0.004160772524
45785,8,Dan Arnold,TE,0.0026859273294
46071,13,Saquon Barkley,RB,0.0048084917708
46073,2,Denzel Ward,CB,1.4076907363
46074,9,Bradley Chubb,OLB,0.4452226185
46075,104,Quenton Nelson,G,0.0015017476365
46077,28,Roquan Smith,ILB,0.283453322
46080,2,Minkah Fitzpatrick,SS,0.8118172769
46081,161,Vita Vea,NT,0.2844795241
46082,211,Daron Payne,DT,0.3734111193
46083,34,Marcus Davenport,DE,1.3189263309
46085,12,Tremaine Edmunds,MLB,0.4133307718
46086,8,Derwin James,FS,0.4488785566
46088,10,Leighton Vander Esch,OLB,0.6775437187
46089,136,Frank Ragnow,C,0.0016746258412
46090,227,Billy Price,C,0.0027298476661
46091,7,Rashaan Evans,ILB,0.9756342865
46092,201,Isaiah Wynn,T,0.0017489293405
46094,18,Hayden Hurst,TE,0.004035250515
46097,1,Terrell Edmunds,SS,1.2552557455
46098,35,Taven Bryan,DT,0.4349442762
46102,222,Austin Corbett,G,0.0009032778454
46103,267,Will Hernandez,G,0.0022575451217
46104,14,Nick Chubb,RB,0.0086486483444
46105,22,Shaquille Leonard,MLB,1.2271384864
46108,210,James Daniels,G,0.00034264767572
46110,189,Harold Landry,OLB,1.7096304979
46117,102,Uchenna Nwosu,OLB,0.13964713018
46119,215,Connor Williams,G,0.0022005807635
46121,60,Kemoko Turay,DE,0.6399596822
46122,3,M.J. Stewart,SS,0.8641716943
46123,5,Jessie Bates,FS,0.7108146686
46127,11,Isaiah Oliver,CB,0.36272753598
46131,218,Brian O'Neill,T,0.0012927934032
46132,4,Carlton Davis,CB,0.42647091629
46133,167,Tyquan Lewis,DE,0.09941199754
46135,125,Lorenzo Carter,OLB,0.21070798389
46137,1,Justin Reid,SS,0.6567077756
46138,118,B.J. Hill,DT,0.3314032016
46139,16,Fred Warner,MLB,1.5760507486
46140,14,Royce Freeman,RB,0.0020409789027
46141,63,Nathan Shepherd,DT,1.1853828809
46142,40,Jerome Baker,ILB,0.9785400055
46143,101,Geron Christian,T,0.0030952782927
46144,83,Derrick Nnadi,DT,0.6016763373
46146,205,Sam Hubbard,DE,0.06467419726
46148,166,Rasheem Green,DE,0.3395626759
46151,8,Tracy Walker,FS,0.5202729511
46152,297,Orlando Brown,T,0.0007016438568
46153,10,Justin Jones,DT,1.3115372197
46155,3,Mark Andrews,TE,0.00369010572
46156,53,Arden Key,DE,1.0303579974
46157,7,Oren Burks,ILB,1.0890125002
46162,5,Ronnie Harrison,SS,0.6334495669
46163,273,Alex Cappa,G,0.0027826558165
46165,30,Harrison Phillips,DT,0.7900428053
46166,1,Mason Cole,C,0.0049067469058
46167,12,Jordan Akins,TE,0.0061334403504
46168,1,Isaac Yiadom,CB,1.00614942402
46169,1,Dorian O'Daniel,OLB,1.1666400092
46170,35,Ian Thomas,TE,0.0024210967257
46171,6,Jalyn Holmes,DE,0.35951019726
46173,17,Nyheim Hines,RB,0.0044148244233
46175,5,Josey Jewell,ILB,0.9172791946
46180,222,Brian Allen,C,0.001396547887
46185,45,Dorance Armstrong,DE,0.3465200147
46186,10,Jordan Whitehead,SS,0.9279232433
46187,1,Anthony Averett,CB,0.9744429596
46188,17,Kyzir White,ILB,2.275872391
46189,27,Will Dissly,TE,0.0038580964161
46190,5,Taron Johnson,CB,0.7686258588
46191,31,Kenny Young,ILB,0.50737056528
46192,20,Durham Smythe,TE,0.0045869166125
46194,4,Avonte Maddox,CB,0.7488153817
46197,69,Kentavius Street,DE,1.2941153701
46198,29,Will Richardson,T,0.0024158739412
46199,145,Josh Sweat,DE,0.08510195662
46203,26,Chase Edmonds,RB,0.0051200105963
46204,139,John Franklin-Myers,DE,1.285268535
46205,32,Marquis Haynes,DE,0.57379122443
46206,14,Dalton Schultz,TE,0.0036159185946
46209,10,Maurice Hurst,DT,1.0877086602
46212,21,Ja'Whaun Bentley,ILB,0.8431265375
46214,142,Bilal Nichols,DE,0.14563930261
46216,2,Micah Kiser,ILB,1.0600524972
46219,26,Genard Avery,OLB,0.35296100528
46221,4,Dane Cruikshank,SS,1.2698435888
46226,35,Tyler Conklin,TE,0.0030573592134
46229,43,Ogbonnia Okoronkwo,OLB,0.52420544
46230,21,Jermaine Carter,MLB,1.323491909
46232,45,Tim Settle,DT,0.723450083
46235,218,Wyatt Teller,G,0.0017842909555
46249,100,Folorunso Fatukasi,DT,0.97606440872
46250,14,Kylie Fitts,OLB,0.6210233951
46253,2,Marcell Harris,OLB,1.2341420329
46255,114,Jacob Martin,DE,0.24165019409
46259,16,DeShon Elliott,FS,0.40951461025
46264,185,Sebastian Joseph,NT,0.3052656473
46267,4,Reginald McKenzie,G,1.01010439251
46269,25,Foyesade Oluokun,ILB,0.4582827363
46275,101,Matt Pryor,T,0.001774271437
46284,253,Bradley Bozeman,C,0.0005952182119
46302,158,Jordan Mailata,T,0.0006256975062
46304,3,Zaire Franklin,OLB,1.28891129777
46307,87,Zach Sieler,DT,0.18472439487
46313,4,Justin Lawler,OLB,0.9991076881
46320,9,Justin Jackson,RB,0.0030777993447
46322,1,Auden Tate,WR,0.0034170902956
46354,1,Emmanuel Moseley,CB,1.1373031624
46367,6,Phillip Lindsay,RB,0.0022920825372
46387,12,Kendal Vickers,DT,1.60263585973
46416,28,Jacob Tuioti-Mariner,OLB,0.2618607132
46424,6,Jason Cabinda,FB,0.0040655622394
46438,42,Tyler Lancaster,NT,0.8403357867
46457,84,Olasunkanmi Adeniyi,OLB,1.0398590835
46487,142,Poona Ford,NT,0.2811475518
46504,14,Daniel Ekuale,DT,0.7799252025
46521,34,Ben Niemann,ILB,0.9098352606
46526,14,Darrel Williams,RB,0.0031495658002
46527,34,Frankie Luvu,OLB,0.2496821909
46536,3,Johnny Stanton,FB,0.003199206674
46543,25,Henry Mondeaux,DE,1.0360754808
46618,35,Taylor Stallworth,DT,0.4662741108
46629,46,Nick Gates,C,0.002704293154
46652,2,Chandon Sullivan,CB,0.8060345522
46657,31,Dennis Gardeck,OLB,1.0248381823
46672,2,Tavierre Thomas,CB,0.6538279739
46679,150,Evan Brown,C,0.0019309392246
46680,5,Sean Chandler,SS,0.8591567618
46689,32,Ike Boettger,G,0.0024956136751
46700,4,Tre Herndon,CB,0.6648728636
46757,2,Charvarius Ward,CB,0.866454728
46775,2,J.C. Jackson,CB,1.3980341956
46778,1,A.J. Moore,FS,0.8411031767
46786,2,Bunmi Rotimi,DE,1.2036110586
46796,7,Demone Harris,DE,1.2113335932
46843,3,Sharif Finch,OLB,0.8083759747
46902,5,Robert Spillane,OLB,1.0591851097
46958,23,Chris Board,MLB,0.3919596547
47016,39,A.J. Johnson,ILB,0.7612836493
47605,9,D'Ernest Johnson,RB,0.004757743201
47749,11,Jakob Johnson,FB,0.0092890633888
47785,137,Nick Bosa,DE,0.8923164245
47786,130,Quinnen Williams,NT,0.8479947932
47787,53,Clelin Ferrell,DE,1.1156500919
47788,55,Devin White,ILB,0.44482297854
47790,141,Josh Allen,OLB,0.06743748708
47791,11,T.J. Hockenson,TE,0.0059741473731
47792,117,Ed Oliver,DT,0.4837709765
47793,12,Devin Bush,ILB,1.2480111753
47794,224,Jonah Williams,T,9.131832521e-05
47795,178,Rashan Gary,OLB,0.2146077189
47796,140,Christian Wilkins,DT,0.6524784351
47797,256,Chris Lindstrom,G,0.0011840077195
47799,174,Brian Burns,DE,0.0601231671
47800,152,Dexter Lawrence,DE,0.7086541074
47801,218,Garrett Bradbury,C,0.0012853446854
47802,222,Jeffery Simmons,DT,0.8432159135
47803,16,Noah Fant,TE,0.0051403465326
47804,1,Darnell Savage,SS,1.1041040969
47805,161,Andre Dillard,T,0.0037758941532
47806,214,Tytus Howard,T,0.0009306666665
47809,206,Montez Sweat,DE,0.4612842724
47810,12,Johnathan Abram,SS,1.063418613
47811,157,Jerry Tillery,DT,0.10315797337
47812,19,L.J. Collier,DE,0.3689736632
47814,218,Kaleb McGary,T,0.0011707198503
47816,13,Byron Murphy,CB,0.48272333444
47818,218,Jawaan Taylor,T,0.00046180823969
47821,123,Cody Ford,G,0.0043461505403
47823,1,Trayvon Mullen,CB,1.1956648046
47824,219,Dalton Risner,G,0.0024036237845
47826,1,Jahlani Tavai,MLB,1.0685436052
47827,109,Elgton Jenkins,G,0.0034803817413
47828,2,Joejuan Williams,CB,1.2136288069
47829,1,Greedy Williams,CB,1.416924948
47830,1,Marquise Blair,FS,1.1729989223
47832,36,Ben Banogu,DE,0.2439078484
47835,16,Drew Sample,TE,0.0054280823662
47836,23,Miles Sanders,RB,0.0040606882492
47838,193,Max Scharping,G,0.0011832111286
47840,4,J.J. Arcega-Whiteside,TE,0.004937360684
47844,10,Taylor Rapp,FS,0.7473976842
47846,6,Juan Thornhill,FS,1.2501711866
47848,95,Zach Allen,DE,0.18729141493
47853,30,Darrell Henderson,RB,0.0069752697955
47854,166,Dre'Mont Jones,DE,0.3337179889
47855,8,Germaine Pratt,OLB,0.31183204617
47856,10,David Montgomery,RB,0.0006230747645
47857,17,Devin Singletary,RB,0.006495095789
47860,41,Chase Winovich,DE,0.5780633784
47863,4,Sione Takitaki,OLB,1.0802329386
47864,4,Will Harris,SS,0.6240222956
47867,61,Khalen Saunders,DT,1.560751589
47868,6,Jaylon Ferguson,OLB,1.0632231449
47870,27,Damien Harris,RB,0.00186844594
47871,2,Cody Barton,MLB,1.4419193694
47872,18,Bobby Okereke,MLB,0.6455738861
47873,57,Connor McGovern,G,0.0024854778067
47874,6,Trey Pipkins,T,0.0043247989117
47877,1,Jamel Dean,CB,1.1232042272
47878,71,Oshane Ximines,OLB,0.18046498231
47879,10,Dawson Knox,TE,0.0034682153237
47881,10,Quincy Williams,OLB,0.948825669
47882,10,Mike Edwards,FS,0.4811313175
47888,14,Chauncey Gardner-Johnson,SS,1.2691244422
47889,218,Maxx Crosby,DE,0.8688050242
47890,49,Anthony Nelson,OLB,0.35721509031
47891,9,Julian Love,SS,1.6625711904
47892,8,Khari Willis,SS,0.4881030598
47899,1,Amani Hooker,FS,0.8845905097
47900,49,Austin Bryant,OLB,0.2886012298
47906,205,Ben Powers,G,0.0009653626335
47911,15,Tony Pollard,RB,0.0037985807917
47913,9,Drue Tranquill,ILB,0.6259879201
47914,43,Wes Martin,G,0.0044502612854
47915,3,Ugochukwu Amadi,FS,1.2286330248
47917,98,Greg Gaines,NT,0.4585358539
47919,83,Michael Jordan,G,0.0014946507561
47933,136,Kingsley Keke,DE,0.2387347764
47934,81,Andrew Van Ginkel,OLB,0.2462827256
47938,1,Mack Wilson,OLB,0.6517944097
47939,69,Justin Hollins,OLB,0.23191062193
47940,1,Blake Cashman,ILB,1.67841418535
47944,86,Charles Omenihu,DE,0.18183821403
47947,4,E.J. Speed,OLB,1.4427306741
47948,39,Joe Jackson,DE,0.33660842713
47952,222,David Edwards,G,0.0015715839229
47956,28,Cole Holcomb,OLB,0.4291482324
47959,21,Kaden Smith,TE,0.0052225772883
47971,30,David Long,ILB,1.2359715666
47973,65,Armon Watts,NT,0.2557583284
47975,42,Isaiah Buggs,DE,1.3734717524
47976,218,Olisaemeka Udoh,T,0.0017666957415
47985,4,Isaiah Prince,T,0.0058360607114
47987,22,Travis Homer,RB,0.0047149899059
47995,176,Dennis Daley,G,0.0004320115144
47996,1,Donovan Wilson,SS,1.2244076335
48008,6,Darryl Johnson,DE,0.29924498469
48011,5,Tommy Sweeney,TE,0.0046059136437
48017,32,Myles Gaskin,RB,0.00463318862
48026,1,Nick Scott,SS,0.95347658626
48027,25,Kaden Elliss,OLB,0.4175156703
48032,42,Michael Dogbe,DE,0.7304517162
48034,4,Dakota Allen,OLB,0.53962070833
48085,3,Fred Johnson,T,0.0041408800516
48089,165,Malik Reed,OLB,0.31811122189
48096,2,Andrew Beck,TE,0.006888656161
48123,30,Kevin Givens,DT,1.0378571843
48145,63,Wyatt Ray,DE,0.21139428581
48158,31,Alex Bars,G,0.0053431016699
48159,210,Sam Mustipher,C,0.00045572100512
48198,58,Bryan Mone,NT,0.6967907121
48220,198,Patrick Mekari,G,0.00063760273667
48247,35,Tim Ward,DE,1.3150176436
48268,22,Azeez Al-Shaair,MLB,1.0870605321
48364,4,Del'Shawn Phillips,OLB,0.9087734652
48447,1,P.J. Locke,FS,1.3475981132
48455,286,Matt Nelson,T,0.0006307385872
48456,18,Donald Parham,TE,0.0041292023439
48462,14,Kevin Strong,DE,0.9430542231
48473,5,Jonathan Ledbetter,DE,1.1631934987
48475,3,Chris Myarick,TE,0.0033970278147
48476,8,Nik Needham,CB,0.658438921
48482,1,Tyrel Dodson,MLB,0.9822462209
48485,103,Blake Hance,G,0.0021019357498
48487,1,Cameron Lewis,CB,0.865307126
48508,6,Andrew Wingard,FS,0.428296475
48512,4,Ryan Bates,C,0.0045216179147
48520,3,Anthony Rush,DT,1.1853677074
48524,3,Anthony Chesley,CB,0.8486054058
48537,90,Carl Granderson,DE,0.10344290055
48544,83,Shy Tuttle,DT,0.4330457226
48554,1,Andrew Dowell,OLB,0.8783632017
48565,1,Chris Westry,CB,1.256741531
48566,2,Daniel Wise,DE,1.2727459725
48581,2,Roderic Teamer,CB,1.1271613412
48599,46,Albert Huggins,DT,0.5009847745
48663,34,Amani Bledsoe,DE,1.073386806
48671,2,Derick Roberson,OLB,1.19969601011
48780,16,Troy Reeder,ILB,0.4222216538
49410,2,Jalen Thompson,FS,0.9641925122
52410,232,Chase Young,DE,0.031675814537
52412,166,Andrew Thomas,T,0.0031879976458
52415,140,Derrick Brown,DT,0.18050925749
52416,31,Isaiah Simmons,ILB,0.53603002159
52418,118,Jedrick Wills,T,0.0005938604737
52421,273,Tristan Wirfs,T,0.0018472986432
52422,70,Javon Kinlaw,DT,0.8427977862
52425,1,CeeDee Lamb,WR,0.004957422591
52426,248,Austin Jackson,T,0.0004866342006
52428,55,K'Lavon Chaisson,OLB,0.22476533336
52431,6,Kenneth Murray,ILB,0.9472040328
52432,163,Cesar Ruiz,G,0.0031288826299
52435,18,Jordyn Brooks,OLB,0.5616089436
52436,24,Patrick Queen,MLB,0.6583513691
52438,1,Noah Igbinoghene,CB,0.5343174513
52440,14,Clyde Edwards-Helaire,RB,0.0023245849145
52442,1,Michael Pittman,WR,0.0024246041579
52443,26,D'Andre Swift,RB,0.0041610795998
52444,1,Xavier McKinney,FS,1.0168698399
52445,8,Kyle Dugger,FS,5.42819717
52446,42,Yetur Gross-Matos,DE,0.54277063893
52447,267,Robert Hunt,G,0.00017881807467
52448,55,Ross Blacklock,DT,0.6164190622
52450,2,Laviska Shenault,WR,0.0036944814153
52451,27,Cole Kmet,TE,0.0032013206753
52452,3,Grant Delpit,SS,0.9547721704
52453,8,Antoine Winfield,FS,1.0677202772
52455,39,Marlon Davidson,DT,0.356424595
52456,89,Darrell Taylor,DE,0.44303328218
52462,75,A.J. Epenesa,DE,0.24433174638
52464,47,Raekwon Davis,NT,0.7248365689
52466,218,Ezra Cleveland,G,0.00163184638723
52468,88,Josh Uche,OLB,1.043344624
52469,1,Kristian Fulton,CB,0.8918283074
52470,13,A.J. Dillon,RB,0.0077229933814
52471,8,Willie Gay,OLB,0.886231519
52472,25,Jeremy Chinn,FS,0.21485566593
52473,20,Logan Wilson,ILB,0.35712276322
52474,16,Antonio Gibson,RB,0.0044532223739
52475,60,Julian Okwara,OLB,0.15940034975
52476,2,Ashtyn Davis,SS,1.20513037177
52477,160,Damien Lewis,G,0.0030256785378
52478,23,Brandon Jones,SS,0.3973453981
52479,90,Justin Madubuike,DT,0.3089101064
52480,198,Josh Jones,G,0.004993956414
52481,54,Davon Hamilton,DT,0.4447402788
52482,7,Zack Baun,OLB,0.3996881118
52483,286,Jonah Jackson,G,0.00116793031904
52486,256,Matt Hennessy,C,0.0007847513422
52491,266,Lloyd Cushenberry,C,0.002807265026
52492,134,Terrell Lewis,OLB,0.11319950944
52493,2,Julian Blackmon,FS,0.8696695481
52494,12,Zack Moss,RB,0.0043300835184
52496,68,Jordan Elliott,DT,0.18256965616
52498,68,Jonathan Greenard,DE,0.21766308371
52502,5,Josiah Deguara,TE,0.0044808596901
52503,12,McTelvin Agim,DE,0.9585442966
52504,189,Lucas Niang,T,0.002803625871
52506,15,Malik Harrison,OLB,0.8907802046
52507,115,Matt Peart,T,0.0059571727477
52510,113,Alex Highsmith,OLB,1.00664443662
52512,1,Terrell Burgess,FS,1.3435377664
52513,20,Adam Trautman,TE,0.00387968059
52514,54,Tyre Phillips,G,0.0017870909215
52515,10,Akeem Davis-Gaither,ILB,0.4946201581
52518,5,Darnay Holmes,CB,0.5880176282
52520,5,Joshua Kelley,RB,0.0034595068783
52522,57,Leki Fotu,DT,0.762565785
52523,5,Harrison Bryant,TE,0.0035499209773
52524,82,Ben Bartch,T,0.0012103582451
52525,143,D.J. Wonnum,DE,0.2154264847
52526,8,Albert Okwuegbunam,TE,0.0041687802511
52527,4,Mykal Walker,ILB,0.7298442149
52534,99,Charlie Heck,T,0.002234162965
52538,9,James Lynch,NT,1.0682491808
52539,46,Rashard Lawrence,NT,0.64535032714
52541,9,Colby Parkinson,TE,0.004440203749
52542,1,Jaylinn Hawkins,FS,0.6569969981
52546,21,L'Jarius Sneed,CB,0.59061238178
52548,1,Shaquille Quarterman,MLB,0.8330971343
52551,99,Ben Bredeson,G,0.0028164522744
52553,149,Jack Driscoll,T,0.0018286377628
52554,215,Tyler Biadasz,C,0.0020890515624
52556,43,Alton Robinson,DE,0.9593052264
52563,56,Trevis Gipson,OLB,0.26546652897
52566,5,Bryce Hall,CB,1.67881101772
52570,2,Khaleke Hudson,MLB,0.8954891267
52578,36,Broderick Washington,DT,0.7480411365
52582,45,Larrell Murchison,DT,1.179740996
52585,149,Michael Danna,DE,0.16609349
52586,23,Justin Strnad,ILB,0.90002896347
52587,29,Bradlee Anae,DE,0.48069756976
52589,86,Netane Muti,G,0.003115981858
52590,193,Michael Onwenu,G,0.0016572352142
52591,2,Cam Brown,OLB,0.9869558805
52592,46,Bravvion Roy,DT,0.3998937982
52600,174,Jon Runyan,G,0.0011561689198
52602,4,Khalil Davis,DT,0.5449332243
52603,170,Justin Herron,T,0.0019609004782
52605,35,John Penisini,NT,0.460878753
52607,2,Jordan Fuller,SS,1.51115022505
52622,2,Freddie Swain,WR,0.0031834040003
52623,1,Markus Bailey,ILB,0.86880777724
52624,5,Kamren Curl,FS,1.2241586056
52626,17,Carter Coughlin,ILB,0.9826486333
52637,74,James Smith-Williams,DE,0.15011126435
52640,9,Carlos Davis,DT,0.9588262115
52641,28,Casey Toohill,DE,0.3351476759
52643,3,Jashon Cornell,DE,1.2351483046
52649,1,Chapelle Russell,MLB,0.7265989578
52650,84,Jonathan Garvin,OLB,0.07140694569
52651,3,Chris Jackson,CB,1.1166768331
52662,13,Derrek Tuszka,OLB,1.0054957714
52663,21,Tae Crowder,ILB,0.60083167235
52665,92,Malcolm Roach,DT,0.5481319595
52666,151,Calvin Throckmorton,T,0.0023621966455
52733,21,James Robinson,RB,0.0013452369547
52759,14,Chris Williams,DT,1.4885392917
52762,4,Tony Jones,RB,0.0026638329793
52783,40,Yasir Durant,G,0.0040297282188
52792,106,Tershawn Wharton,DT,0.3926241933
52797,1,Joe Bachie,OLB,0.8825089257
52805,26,Joe Gaziano,DE,0.433590411
52829,6,Breiden Fehoko,NT,0.4269030322
52830,12,Eric Banks,DT,0.65398718194
52835,50,Michael Hoecht,DT,0.29457389708
52846,42,Jonah Williams,DE,0.458259606
52852,1,Myles Hartsfield,FS,1.4984308503
52858,1,Giovanni Ricci,FB,0.0024537764519
52863,4,Krys Barnes,ILB,0.6840803642
52886,1,Blake Lynch,OLB,1.7101188751
52887,5,David Moa,DT,1.002679564
52894,28,Trystan Colon,C,0.00035208101435
52922,8,Salvon Ahmed,RB,0.0026448815754
52932,19,Ladarius Hamilton,OLB,0.31895658885
52939,4,Sam Franklin,SS,0.8110230106
52945,4,Jace Whittaker,CB,1.12047993899
52971,35,Jamir Jones,OLB,1.1922882915
52979,25,Chauncey Rivers,OLB,0.9757699925
52991,1,Myles Bryant,CB,1.2541046956
53039,13,Azur Kamara,DE,1.26823181552
53051,6,Javelin Guidry,CB,0.7628085914
53053,135,Bryce Huff,DE,1.2064043459
53059,1,Kristian Welch,MLB,0.7010829535
53073,91,Teair Tart,DT,0.6776721993
53079,4,Reggie Gilliam,FB,0.0023115706377
53091,1,Artavis Pierce,RB,0.0023934459754
53180,13,Ty'Son Williams,RB,0.0015977237022
53315,1,Aaron Patrick,OLB,1.1235945464
53433,5,Kyle Pitts,TE,0.0065078765241
53436,286,Penei Sewell,T,0.00047848229644
53437,1,Jaycee Horn,CB,0.7856820219
53438,1,Patrick Surtain,CB,1.0899774043
53441,96,Micah Parsons,OLB,0.3422811256
53442,238,Rashawn Slater,T,7.1866204821e-05
53445,13,Zaven Collins,ILB,0.6722116333
53447,148,Jaelan Phillips,OLB,0.09053252165
53448,16,Jamin Davis,MLB,0.3437342928
53450,84,Kwity Paye,DE,0.13759406699
53452,54,Christian Darrisaw,T,0.0048505776743
53457,90,Payton Turner,DE,0.17971199434
53459,87,Gregory Rousseau,DE,0.35825902748
53460,172,Odafe Oweh,OLB,0.07947963743
53461,108,Joe Tryon,OLB,0.15867410435
53462,1,Tyson Campbell,CB,1.0331270081
53464,19,Javonte Williams,RB,0.0085866615379
53465,11,Jevon Holland,FS,0.464559813
53466,201,Landon Dickerson,G,0.0032590232815
53467,160,Christian Barmore,DT,0.21266506338
53469,3,Richie Grant,SS,0.56602676674
53470,47,Levi Onwuzurike,DE,0.3807192714
53471,240,Liam Eichenberg,T,0.00054521817607
53472,1,Trevon Moehrig,FS,1.1056583594
53475,142,Jackson Carman,G,6.218145811e-05
53479,135,Azeez Ojulari,OLB,0.19534761033
53480,148,Samuel Cosmi,T,0.00015813184816
53481,20,Jeremiah Owusu-Koramoah,OLB,0.6061775727
53487,19,Nick Bolton,ILB,0.5662006667
53489,13,Pete Werner,OLB,0.7055011428
53490,32,Carlos Basham,DE,0.29085145091
53491,115,Josh Myers,C,0.009377897863
53492,297,Creed Humphrey,C,0.0023996743762
53497,253,Jalen Mayfield,G,0.00130387928762
53499,81,Brady Christensen,T,0.0063454237906
53501,57,Alim McNeill,NT,0.434299512
53502,68,Milton Williams,DT,0.2724971418
53504,148,Osa Odighizuwa,DT,0.24890783856
53509,2,Divine Deablo,OLB,1.2100848399
53510,3,Hunter Long,TE,0.004231967376
53512,11,Tommy Tremble,TE,0.002085678674
53513,73,Chauncey Golston,DE,1.1011192174
53522,100,Spencer Brown,T,0.0023606513976
53523,50,Ben Cleveland,G,0.0012400883294
53529,12,Elijah Molden,CB,0.9980243262
53530,2,Ifeatu Melifonwu,CB,1.05696590634
53532,3,Ernest Jones,ILB,0.5551966093
53533,15,Brandon Stephens,FS,0.377419537
53534,2,Baron Browning,ILB,1.0025630787
53535,3,Jay Tufele,DT,0.8660457218
53540,122,Cameron Sample,DE,0.07472382031
53542,2,Derrick Barnes,ILB,1.0165897175
53543,3,Drew Dalman,C,0.0081022732308
53547,19,Chris Rumph,OLB,0.25838752454
53553,7,John Bates,TE,0.004135688821
53555,17,Chuba Hubbard,RB,0.0084820809597
53564,4,Rashad Weaver,OLB,0.8739253068
53565,1,Marco Wilson,CB,1.3173991485
53571,202,Royce Newman,T,0.0027952255034
53573,21,Joshua Kaindoh,DE,0.3392836292
53574,5,Luke Farrell,TE,0.005246565513
53575,5,Jamien Sherwood,ILB,1.3090847427
53577,52,Ta'Quon Graham,DE,0.3215347
53579,10,Kenneth Gainwell,RB,0.0063701656285
53581,4,Caden Sterns,FS,1.47739270914
53583,11,Michael Carter,CB,2.0595268997
53585,32,Isaiahh Loudermilk,DE,1.2853184242
53587,31,Daviyon Nixon,DT,0.6499677266
53590,1,Tommy Doyle,T,0.004255243188
53596,5,Nate Hobbs,CB,1.3610094483
53600,3,Daelin Hayes,OLB,0.5291977969
53601,1,Deommodore Lenoir,CB,1.4270936501
53602,23,Tedarrell Slaton,DT,0.7302479901
53605,1,K.J. Britt,ILB,0.8245396652
53609,5,Talanoa Hufanga,SS,1.0933839737
53611,72,Adetokunbo Ogundeji,OLB,0.506485862169
53612,4,Avery Williams,RB,0.5468292754
53615,1,Hamsah Nasirildeen,ILB,1.0071343143
53618,5,Marlon Tuipulotu,DT,0.7205995488
53619,23,Trey Hill,C,0.0018762906997
53620,23,Tarron Jackson,DE,0.7666819488
53621,43,Quinton Bohanna,DT,0.563025093
53624,73,Roy Lopez,DT,0.17849527882
53627,10,Larry Rountree,RB,0.0065583997044
53631,3,Chris Evans,RB,0.0062792710689
53636,3,Jonathan Marshall,DT,1.8875189572
53639,7,Victor Dimukeje,OLB,1.4927475618
53645,19,Quincy Roche,OLB,1.00072040229
53646,19,Khalil Herbert,RB,0.004536757276
53655,297,Trey Smith,G,0.00091680729
53662,2,Jake Funk,RB,0.0071931732021
53663,2,Patrick Johnson,ILB,0.7846874559
53668,52,Jonathon Cooper,OLB,0.25902253696
53674,5,Tre Norwood,FS,0.9666693459
53675,5,Shaka Toney,DE,1.22868298572
53679,24,Khyiris Tonga,NT,0.5772297873
53681,2,Chris Garrett,LB,1.8676284885
53688,1,Grant Stuard,ILB,1.173608914
53740,11,Josiah Bronson,DT,0.8633009737
53876,27,Raymond Johnson,DE,0.7053953984
53900,48,Naquan Jones,DT,1.3587888237
53910,12,Sam Kamara,OLB,1.60960069056
53930,15,Andre Mintze,OLB,0.7990320654
53935,6,Darius Hodge,DE,0.8986382423
53946,9,Jack Stoll,TE,0.003741791749
53957,12,A.J. Parker,CB,0.27980412135
53960,1,Jaret Patterson,RB,0.006794025523
53978,11,Austin Faoliu,DT,0.9517018097
53991,3,Forrest Merrill,DT,1.1511133311
53999,2,Jack Heflin,DT,0.9827000598
