nflId,snaps_played,Position,Name,height,weight,xSTRAIN
25511,270,QB,Tom Brady,6-4,225,0.15799527077
28963,209,QB,Ben Roethlisberger,6-5,240,-0.023904483297
29550,186,T,Jason Peters,6-4,328,-0.440273881
29851,199,QB,Aaron Rodgers,6-2,225,0.293514952
30842,63,TE,Marcedes Lewis,6-6,267,-0.125352023924
30869,217,T,Andrew Whitworth,6-7,330,-0.274851639
33084,254,QB,Matt Ryan,6-4,217,0.0634802731891
33107,205,T,Duane Brown,6-4,315,-0.24739821016
33131,193,DE,Calais Campbell,6-8,300,-0.0060628421053
33138,17,QB,Chad Henne,6-3,222,0.016252990345
34452,220,QB,Matthew Stafford,6-3,220,0.487233149
34465,233,SS,Malcolm Jenkins,6-0,204,0.11592172249
34540,178,TE,Jared Cook,6-5,254,0.184811183588
34654,173,FS,Jason McCourty,5-11,195,0.756457672968
34777,54,NT,Steve McLendon,6-3,310,0.2540807737584
34843,3,QB,Brian Hoyer,6-2,215,-0.096298814416
35441,185,DE,Ndamukong Suh,6-4,313,0.22374523051
35442,5,DT,Gerald McCoy,6-4,300,0.21797254202
35449,36,DE,Tyson Alualu,6-3,304,-0.0482238114735
35452,29,DE,Brandon Graham,6-2,265,0.153395233424
35454,172,DE,Jason Pierre-Paul,6-5,275,0.1924711226
35459,219,SS,Kareem Jackson,5-10,185,-0.02384763865
35466,212,FS,Devin McCourty,5-10,195,0.298920488482
35470,116,DE,Jerry Hughes,6-2,254,0.0610378630049
35481,94,TE,Rob Gronkowski,6-6,265,-0.279835152378
35485,93,NT,Linval Joseph,6-4,329,0.227589120365
35493,143,OLB,Carlos Dunlap,6-6,285,-0.108298817534
35522,39,DT,Corey Peters,6-3,335,0.05605127624
35534,50,TE,Jimmy Graham,6-7,265,-0.46328626205
35539,132,DE,Everson Griffen,6-3,273,0.046504417746
35562,119,DT,Al Woods,6-4,330,0.253907560562
37075,174,OLB,Von Miller,6-3,250,0.23620046459
37082,209,T,Tyron Smith,6-5,320,-0.205956619475
37083,3,QB,Blaine Gabbert,6-4,235,-0.04626922351
37084,192,DE,J.J. Watt,6-5,288,0.490262593
37087,141,OLB,Robert Quinn,6-4,257,0.27078806054
37089,70,DE,Ryan Kerrigan,6-4,265,0.03290809562
37090,247,T,Nate Solder,6-8,325,-0.39929500099
37097,196,DE,Cameron Jordan,6-4,287,0.172656049641
37100,60,CB,Jimmy Smith,6-2,210,-0.431559127574
37101,52,RB,Mark Ingram,5-9,215,-0.28605731615
37104,174,DT,Cameron Heyward,6-5,295,0.2698293223
37110,54,QB,Andy Dalton,6-2,220,0.151984141164
37112,6,DE,Jabaal Sheard,6-3,268,0.35068318314
37118,144,TE,Kyle Rudolph,6-6,265,-0.22444042667
37130,143,C,Rodney Hudson,6-2,315,-0.003546262207
37145,151,OLB,Justin Houston,6-3,270,0.22242374225
37179,4,TE,Luke Stocker,6-5,253,-0.530319753528
37213,106,T,Marcus Cannon,6-6,335,-0.528785613
37229,85,CB,Richard Sherman,6-3,195,0.18692703963
37234,56,TE,Lee Smith,6-6,265,-0.1992257225331
37240,90,OLB,Pernell McPhee,6-3,265,-0.1320667794514
37255,41,QB,Tyrod Taylor,6-1,215,0.12402600557
37266,242,C,Jason Kelce,6-3,295,-0.01628515876269
37308,75,DT,Lawrence Guy,6-4,315,0.355393625239
37317,102,MLB,Malcolm Smith,6-0,225,-0.125234108069
37724,72,CB,Chris Harris,5-10,199,-0.2898583866122
37778,56,ILB,Josh Bynes,6-1,235,-0.27858966736
37841,95,DE,Mario Addison,6-3,260,0.059285306479
38538,242,QB,Ryan Tannehill,6-4,207,0.054365011196
38542,159,DT,Fletcher Cox,6-4,310,0.17092272191
38544,127,DE,Michael Brockers,6-5,305,0.095438379176
38548,141,OLB,Melvin Ingram,6-2,247,-0.114401452723
38551,154,OLB,Chandler Jones,6-5,265,0.223286543476
38553,223,T,Riley Reiff,6-6,305,-0.396827835
38555,133,OLB,Dont'a Hightower,6-3,260,0.065211617451
38556,114,DE,Whitney Mercilus,6-4,258,0.163056508991
38557,257,G,Kevin Zeitler,6-4,315,-0.28004104328
38559,208,SS,Harrison Smith,6-2,214,-0.077656019064
38577,260,MLB,Bobby Wagner,6-0,242,0.170694186339
38588,194,ILB,Lavonte David,6-1,233,0.304535542206
38605,132,QB,Russell Wilson,5-11,215,0.424213195
38606,39,G,Brandon Brooks,6-5,335,-0.121230803245
38607,230,ILB,Demario Davis,6-2,248,0.004266802192
38619,80,DT,Akiem Hicks,6-4,352,0.433680083
38632,218,QB,Kirk Cousins,6-3,202,-0.16072984387
38642,266,T,Bobby Massie,6-6,325,-0.2318351163
38667,173,DT,Malik Jackson,6-5,290,0.3163198535
38696,203,WR,Marvin Jones,6-2,198,-0.403494676265
38868,98,FS,Tashaun Gipson,6-1,212,-0.32308711374
38937,32,QB,Case Keenum,6-1,215,0.20175819381
39008,27,OLB,Julian Stanford,6-1,230,0.28747437944
39212,84,RB,Brandon Bolden,5-11,220,0.103458140143
39907,65,TE,Darren Fells,6-7,270,-0.10892430271
39908,151,FS,Erik Harris,6-2,220,-0.4436797078
39941,8,FS,Chris Banjo,5-10,207,0.689809057671
39947,160,T,Eric Fisher,6-7,315,-0.178940350525
39950,119,T,Lane Johnson,6-6,317,-0.0675502028532
39959,108,DT,Sheldon Richardson,6-3,294,0.38458945215
39960,88,DT,Star Lotulelei,6-2,318,0.166647301264
39965,188,G,Justin Pugh,6-5,311,0.079942129734
39975,114,RB,Cordarrelle Patterson,6-2,238,-0.13811799886
39976,136,ILB,Alec Ogletree,6-2,235,0.4759630934733
39983,148,TE,Zach Ertz,6-5,250,-0.045932503215
39985,70,RB,Giovani Bernard,5-9,205,-0.052506137927
39987,73,QB,Geno Smith,6-3,221,0.1928075904854
39989,207,WR,Robert Woods,6-0,193,-0.472399705414
39993,75,ILB,Kevin Minter,6-0,246,0.012554410254
39996,40,RB,Le'Veon Bell,6-1,225,-0.31373026655
39997,120,NT,Johnathan Hankins,6-3,340,0.0604692044
39998,102,OLB,Jon Bostic,6-1,245,0.0089190168132
40000,60,OLB,Jamie Collins,6-3,255,-0.2189138439
40001,5,DT,Margus Hunt,6-8,295,0.33109908354
40008,212,CB,Robert Alford,5-10,186,-0.14557478871
40011,263,TE,Travis Kelce,6-5,260,0.0029466016462
40017,202,SS,Tyrann Mathieu,5-9,190,1.3376830279
40021,22,QB,Mike Glennon,6-7,225,-0.03619275725
40023,87,T,Terron Armstead,6-5,304,-0.363150900491
40030,57,NT,John Jenkins,6-3,327,0.117338945361
40031,243,FS,Logan Ryan,5-11,195,0.11253731172
40039,181,SS,Duron Harmon,6-1,205,-0.0406617587457
40042,94,NT,Brandon Williams,6-1,336,0.0362195451468
40051,118,DE,Alex Okafor,6-4,260,-0.020630026741
40070,218,C,J.C. Tretter,6-4,307,-0.035303700664
40074,107,DE,William Gholston,6-6,281,0.223012121036
40077,11,DE,John Simon,6-2,260,0.203269171878
40089,167,G,Oday Aboushi,6-5,315,-0.096628580196
40095,163,OLB,Steven Means,6-3,263,0.0947546489648
40096,62,OLB,A.J. Klein,6-1,240,0.064718469378
40107,194,FS,Micah Hyde,6-0,197,0.304242460509
40129,82,RB,Latavius Murray,6-3,230,-0.18393724179
40138,37,RB,Rex Burkhead,5-10,215,-0.167323637287
40151,272,C,Ryan Jensen,6-4,319,-0.141314409973
40166,178,SS,Jordan Poyer,6-0,191,-0.082373511187
40171,129,DE,Nicholas Williams,6-4,309,0.1160859169498
40253,11,DE,Lerentee McCray,6-3,249,-0.102573226406
40347,67,NT,Mike Purcell,6-3,328,0.2243021248215
40463,21,OLB,Brandon Copeland,6-3,263,-0.0353077777893
40608,49,NT,Damion Square,6-2,293,-0.13168110939
40641,117,TE,Jack Doyle,6-6,262,-0.142284375228
40688,117,CB,A.J. Bouye,6-0,191,0.33511868116
40825,98,OLB,Benson Mayowa,6-3,265,-0.14649877264
41222,252,T,Alejandro Villanueva,6-9,320,-0.380989559
41227,150,DE,Jadeveon Clowney,6-5,255,0.3201027433
41231,152,OLB,Khalil Mack,6-3,269,0.4336968819
41232,256,T,Jake Matthews,6-5,309,-0.3426465935
41235,82,OLB,Anthony Barr,6-5,255,0.82657247357
41239,238,DT,Aaron Donald,6-1,280,0.517405055
41243,179,ILB,C.J. Mosley,6-2,250,-0.34128392796
41249,87,DE,Dee Ford,6-2,252,0.05912158234
41256,177,FS,Jimmie Ward,5-11,193,0.04291671185
41257,60,CB,Bradley Roby,5-11,194,6.40119794
41258,243,QB,Teddy Bridgewater,6-2,215,-0.0042740484046
41262,59,G,Xavier Su'a-Filo,6-4,310,-0.216201846166
41263,29,DE,Demarcus Lawrence,6-3,265,0.3029644861864
41264,218,G,Joel Bitonio,6-4,320,0.045216350412
41265,263,QB,Derek Carr,6-3,210,0.11931345345
41269,181,OLB,Kyle Van Noy,6-3,250,0.165669454729
41279,63,OLB,Jeremiah Attaochu,6-3,252,0.017588667174
41286,52,RB,Carlos Hyde,6-0,229,-0.101885082055
41291,134,QB,Jimmy Garoppolo,6-2,225,0.041419012882
41293,175,C,Justin Britt,6-6,315,-0.24504136395
41296,202,T,Billy Turner,6-5,310,-0.43726176861
41300,200,OLB,Christian Kirksey,6-2,235,-0.068506057909
41310,205,G,Gabe Jackson,6-3,336,-0.4452982768
41322,163,G,Brandon Linder,6-6,315,-0.096817917393
41324,73,G,Michael Schofield,6-6,301,-0.1296312314609
41332,55,RB,Devonta Freeman,5-8,206,0.846227296669
41336,67,DT,Justin Ellis,6-2,350,0.134329104239
41338,211,CB,Ross Cockrell,6-0,191,-0.21503156644
41341,123,DT,DaQuan Jones,6-4,322,0.462172447
41348,117,ILB,Anthony Hitchens,6-0,235,-0.3221132381926
41349,100,TE,Logan Thomas,6-6,250,-0.031049687693
41358,68,CB,Dontae Johnson,6-2,200,0.1719258586
41359,44,RB,James White,5-10,205,0.02485991673
41363,80,DE,Brent Urban,6-7,300,0.366299753348
41376,57,SS,Ricardo Allen,5-9,186,-0.24928383952
41387,6,DT,Caraun Reid,6-2,292,0.4119863713
41390,238,C,Corey Linsley,6-3,301,-0.0790956745982
41403,52,OLB,Devon Kennard,6-3,256,0.494229723001
41436,272,C,Matt Paradis,6-3,300,-0.018539882609
41449,60,DE,Shamar Stephen,6-5,310,0.26105364426
41464,136,DE,Shelby Harris,6-2,290,0.268314266468
41475,259,T,Charles Leno,6-3,305,-0.128761576831
41502,190,FS,Daniel Sorensen,6-2,208,-0.252560650508
41532,86,T,James Hurst,6-5,310,-0.233995022491
41563,112,T,Cornelius Lucas,6-8,328,-0.32271524378
41595,3,NT,Mike Pennel,6-4,332,-0.06051041
41619,221,C,Trey Hopkins,6-3,316,-0.22814056508
41630,60,C,Justin McCray,6-3,317,-0.382260476461
41665,55,G,Tyler Shatley,6-3,310,-0.0331518443031
41667,15,T,Josh Wells,6-6,306,0.089430674761
41707,1,C,Tyler Larsen,6-4,325,0.202023616967
41712,60,RB,Damien Williams,5-11,224,-0.156300680309
41722,9,DE,Josh Mauro,6-6,290,0.584979849056
41786,151,DE,Kerry Hyder,6-2,270,0.283529101196
41808,37,FB,Keith Smith,6-0,240,-0.1763590895003
41915,225,OLB,Shaquil Barrett,6-2,250,0.067918952214
41919,14,DT,Zach Kerr,6-2,334,0.382032802929
41939,216,G,Andrew Norwell,6-6,325,-0.0034348163803
41947,5,ILB,Christian Jones,6-3,250,-0.080855017841
41959,238,G,Matt Feiler,6-6,330,-0.086530849514
42030,91,CB,K'Waun Williams,5-9,183,-0.27248053691
42031,178,DE,Denico Autry,6-5,285,0.1385424899
42116,197,SS,Adrian Phillips,5-11,210,0.23109066467
42302,58,TE,Chris Manhertz,6-6,255,0.116495957567
42331,45,DE,Efe Obada,6-6,265,-0.19649869061
42344,158,QB,Jameis Winston,6-4,231,0.432864945
42346,117,OLB,Dante Fowler,6-3,255,0.087424703787
42348,113,G,Brandon Scherff,6-5,315,-0.0947297480659
42349,207,DT,Leonard Williams,6-5,302,0.39417966479
42352,259,G,Ereck Flowers,6-6,329,-0.1088384776116
42355,52,NT,Danny Shelton,6-2,345,0.054704127017
42356,127,G,Andrus Peat,6-7,316,-0.252840197211
42358,152,RB,Melvin Gordon,6-1,215,0.0156269551436
42360,142,DE,Arik Armstead,6-7,292,0.07806076432
42362,194,T,Cameron Erving,6-5,313,-0.161319076668
42365,109,OLB,Bud Dupree,6-4,269,0.18685697908
42367,205,T,D.J. Humphries,6-5,307,-0.025048876377
42368,123,OLB,Shaq Thompson,6-0,230,0.305219481221
42370,205,CB,Byron Jones,6-0,205,-0.12556334876
42375,100,DT,Malcom Brown,6-2,320,0.0954733305925
42376,218,SS,Landon Collins,6-0,218,-0.317702677476
42377,270,T,Donovan Smith,6-6,338,-0.157752489309
42378,54,DT,Mario Edwards,6-3,280,0.41071638755
42381,134,OLB,Preston Smith,6-5,265,0.3999457165
42382,48,NT,Eddie Goldman,6-3,320,0.0664633647
42386,5,ILB,Benardrick McKinney,6-4,257,-0.1043832226
42388,208,ILB,Eric Kendricks,6-0,232,0.418725990765
42389,167,SS,Jaquiski Tartt,6-1,215,0.31491734903
42390,170,SS,Eric Rowe,6-1,205,-0.50654483862
42391,212,ILB,Denzel Perryman,5-11,240,-0.1188931577
42392,221,C,Mitch Morse,6-6,305,0.145400190605
42395,25,DE,Jordan Phillips,6-6,341,0.06087969349
42398,93,TE,Maxx Williams,6-4,252,-0.350615014148
42400,222,T,Rob Havenstein,6-8,328,-0.565951095
42401,181,OLB,Markus Golden,6-3,260,0.230839521864
42403,121,DE,Randy Gregory,6-5,255,0.109754125984
42404,270,G,Ali Marpet,6-4,307,-0.32666023241
42406,92,DE,Frank Clark,6-3,260,0.600989517077
42410,109,G,A.J. Cann,6-3,325,-0.168111251884
42421,95,CB,P.J. Williams,6-0,196,-0.003978976952
42424,221,G,John Miller,6-3,315,-0.1124509708853
42427,225,ILB,Jordan Hicks,6-1,236,0.7687102515
42429,122,RB,David Johnson,6-1,224,-0.1289478788287
42431,190,DE,Danielle Hunter,6-5,252,0.0954753845759
42433,48,NT,Carl Davis,6-5,320,0.371272870104
42436,13,DE,Henry Anderson,6-6,301,0.047838885186
42443,105,DT,Angelo Blackson,6-4,318,0.16445910055
42444,113,OLB,Trey Flowers,6-2,265,0.226698839536
42445,221,T,Daryl Williams,6-6,330,-0.30567167819
42460,32,TE,Blake Bell,6-6,252,-0.244298594898
42465,7,OLB,Za'Darius Smith,6-4,272,-0.0129800543
42467,34,OLB,Kwon Alexander,6-1,227,0.2065563412191
42469,182,RB,Mike Davis,5-9,221,-0.160237419636
42470,143,OLB,Damien Wilson,6-0,243,0.013638319007
42471,199,G,Jon Feliciano,6-4,323,-0.226832803919
42474,192,G,Shaquille Mason,6-1,310,0.021353696276
42476,116,C,Max Garcia,6-4,309,0.043075056517
42477,192,G,Mark Glowinski,6-4,310,-0.178353313381
42480,166,DT,Grady Jarrett,6-0,305,0.29487410301
42485,249,FS,Adrian Amos,6-0,214,-0.04028148145
42488,250,CB,Bobby McCain,5-11,192,-0.03810677549
42497,84,DT,Tyeler Davison,6-2,309,0.193418455158
42500,184,TE,C.J. Uzomah,6-6,260,-0.110974135573
42503,33,TE,Jesse James,6-7,250,0.012106075135
42535,75,DT,Darius Philon,6-1,300,0.179614188955
42543,258,FS,Quandre Diggs,5-9,197,-0.50523686946
42553,59,DT,Christian Ringo,6-1,298,0.237117363635
42559,109,NT,Christian Covington,6-2,305,0.242597195713
42560,96,DT,Rakeem Nunez-Roches,6-2,307,0.17789653982
42565,36,C,Austin Reiter,6-3,300,-0.08283320108565
42654,53,T,La'el Collins,6-4,320,-0.28242104231
42667,33,DT,Justin Hamilton,6-2,315,0.0929199822
42721,26,TE,Eric Tomlinson,6-6,263,-0.305841560569001
42765,122,G,Chris Reed,6-4,320,0.03066321019
42816,190,CB,Troy Hill,5-11,184,-0.16717601669
42826,77,DT,DeShawn Williams,6-1,292,0.295603927235
42830,186,FS,Anthony Harris,6-1,202,-0.065112041778
42831,251,QB,Taylor Heinicke,6-1,210,0.0816871244962
42837,80,RB,Malcolm Brown,5-11,222,-0.002755865113
42869,9,OLB,James Vaughters,6-1,254,-0.11271003847
42883,247,C,David Andrews,6-3,300,-0.33776242868
42901,72,SS,Dean Marlowe,6-1,208,0.24305437802
42924,250,T,Jesse Davis,6-6,325,-0.27031272049
42929,172,OLB,Alex Singleton,6-2,242,-0.06840587025
42935,168,CB,Bryce Callahan,5-9,188,-0.22100438208
42954,115,C,Greg Mancz,6-4,310,-0.0286391132576
43045,224,G,Quinton Spain,6-4,330,0.116428155747
43062,10,ILB,Nick Dzubnar,6-1,240,0.29369713462
43290,286,QB,Jared Goff,6-4,223,0.1762028846
43291,205,QB,Carson Wentz,6-5,237,0.379856347
43292,159,OLB,Joey Bosa,6-5,280,0.26996308729
43293,158,RB,Ezekiel Elliott,6-0,228,-0.270866048
43294,266,CB,Jalen Ramsey,6-1,208,-0.3563465685
43296,194,DT,DeForest Buckner,6-7,300,0.440608739
43297,143,T,Jack Conklin,6-6,308,-0.136941178806
43298,228,OLB,Leonard Floyd,6-5,240,0.107803028564
43299,261,CB,Eli Apple,6-1,203,-0.66108779198
43301,137,DT,Sheldon Rankins,6-2,305,-0.33852015761
43302,122,T,Laremy Tunsil,6-5,313,-0.519961531
43303,1,SS,Karl Joseph,5-10,200,0.11354760155
43306,100,MLB,Keanu Neal,6-1,216,0.041405582132
43307,209,C,Ryan Kelly,6-4,309,0.0574000897256
43308,104,DE,Shaq Lawson,6-3,267,-0.2981355619
43316,209,NT,Kenny Clark,6-3,314,0.217897620235
43318,50,DT,Robert Nkemdiche,6-4,296,0.41064218267
43319,43,DT,Vernon Butler,6-4,330,0.00549618341653
43320,129,T,Germain Ifedi,6-5,325,-0.174156898631
43321,203,DE,Emmanuel Ogbah,6-4,275,0.22794951797
43323,104,MLB,Jaylon Smith,6-2,245,0.0022571132917
43324,199,TE,Hunter Henry,6-5,250,-0.3935625274
43325,142,MLB,Myles Jack,6-1,244,0.0772882348081
43326,128,DT,Chris Jones,6-6,308,-0.056828455221
43330,107,ILB,Reggie Ragland,6-2,252,-0.27768350759
43332,114,NT,Austin Johnson,6-4,314,0.22438048879
43333,98,OLB,Jihad Ward,6-5,287,0.050573473821
43335,60,DT,A'Shawn Robinson,6-4,330,0.330963022034
43337,41,T,Jason Spriggs,6-6,301,-0.045658460027
43338,149,DT,Jarran Reed,6-3,306,0.045116428116
43341,206,ILB,Deion Jones,6-1,227,0.077482719777
43343,172,CB,Mackensie Alexander,5-10,192,0.04419462256
43344,203,WR,Tyler Boyd,6-2,203,-0.14423517664
43345,210,G,Cody Whitehair,6-3,309,-0.254179917708
43350,267,SS,Vonn Bell,5-11,205,0.32786221009
43352,81,DE,Adam Gotsis,6-4,287,0.171885823764
43353,250,FS,Kevin Byard,5-11,212,0.08304721457
43354,75,DE,Carl Nassib,6-7,275,0.164728955164
43356,126,DT,Maliek Collins,6-2,308,0.2075890558144
43358,198,DE,Yannick Ngakoue,6-2,246,-0.35816029098
43361,66,DE,Jonathan Bullard,6-3,296,0.107210489052
43366,17,CB,Daryl Worley,6-1,215,0.33670306833
43367,297,G,Joe Thuney,6-5,308,0.055981750553
43368,81,G,Isaac Seumalo,6-4,303,-0.127220620795
43370,137,TE,Austin Hooper,6-4,254,-0.0650673680028
43372,54,DE,Jordan Jenkins,6-3,259,0.084780554184
43373,278,CB,Kendall Fuller,5-11,198,3.79678809
43376,138,OLB,Nick Vigil,6-2,235,-0.32545022158
43377,79,OLB,Kyler Fackrell,6-5,245,-0.0023156083949
43378,151,DT,Javon Hargrave,6-2,305,0.4595668062
43380,167,QB,Jacoby Brissett,6-4,235,0.036531270467
43384,180,G,Graham Glasgow,6-6,310,-0.07069415226069
43387,223,FS,Justin Simmons,6-2,202,-0.244897044279
43388,171,ILB,Joe Schobert,6-1,245,-0.2464328813
43392,5,DT,Sheldon Day,6-1,294,-0.2332996138
43393,147,CB,Tavon Young,5-9,185,0.244851075118
43399,200,TE,Tyler Higbee,6-6,257,-0.2409614683885
43402,44,ILB,Nick Kwiatkoski,6-2,242,0.24603591799
43404,245,ILB,De'Vondre Campbell,6-4,232,0.160999003838
43405,65,DT,Hassan Ridgeway,6-3,305,1.045276925
43407,85,SS,Juston Burris,6-0,212,0.147358522578
43411,25,DT,Andrew Billings,6-1,328,0.25711951474
43420,82,ILB,Blake Martinez,6-2,237,0.417183428423
43424,215,QB,Dak Prescott,6-2,238,0.120377533248
43425,115,RB,Devontae Booker,5-11,219,-0.0096359311
43426,136,DE,Dean Lowry,6-6,296,0.4026463763
43435,206,OLB,Matt Judon,6-3,261,0.077726192733
43436,163,DT,Quinton Jefferson,6-4,291,0.12156986619
43441,136,DT,Matt Ioannidis,6-3,310,0.113246164662
43447,146,T,Brandon Shell,6-5,324,-0.34096663995
43453,286,G,Halapoulivaati Vaitai,6-6,320,-0.3090495172
43455,132,NT,D.J. Reader,6-3,347,0.16776439918399
43456,24,SS,Marqui Christian,5-11,207,0.18400005698
43460,60,RB,Alex Collins,5-10,210,-0.0314067856
43465,13,FB,Andy Janovich,6-1,238,-0.106662928742
43474,94,FS,DeAndre Houston-Carson,6-0,202,-0.19458071465
43484,145,G,Wes Schweitzer,6-5,314,0.0226472007452
43490,3,QB,Brandon Allen,6-2,209,0.37550255543
43495,24,WR,Mike Thomas,6-1,189,-0.1486293017224
43497,115,ILB,Kamu Grugier-Hill,6-2,230,0.00942701115
43503,107,ILB,Elandon Roberts,6-0,238,-0.056278737616
43516,31,OLB,Stephen Weatherly,6-5,265,0.181840959993
43522,190,CB,Jalen Mills,6-0,191,0.1023702845
43533,203,FS,Jayron Kearse,6-4,215,-0.19094581127
43540,9,ILB,Joe Walker,6-2,236,0.07059500924
43638,94,DT,Justin Zimmer,6-3,292,0.195001185455
43641,233,CB,Mike Hilton,5-9,184,-0.344556783545
43645,73,SS,Jarrod Wilson,6-2,210,-0.33706590316
43648,41,T,Justin Murray,6-5,315,-0.135299575426
43694,47,NT,Michael Pierce,6-0,340,-0.22204392782
43695,110,C,Matt Skura,6-3,313,-0.247512309162
43698,6,DT,Woodrow Hamilton,6-3,315,0.19356325984
43700,148,CB,Jonathan Jones,5-10,190,-0.06407227239
43712,80,CB,Sharrod Neasman,6-0,198,-0.2193748888
43722,161,RB,J.D. McKissic,5-10,195,0.043143249301
43757,10,SS,Andrew Adams,5-11,202,-0.332300656668
43775,86,OLB,Romeo Okwara,6-4,263,-0.106935423789
43787,60,DT,Roy Robertson-Harris,6-5,294,0.1920469412855
43791,132,DE,Morgan Fox,6-3,275,0.842885427
43797,185,OLB,Cory Littleton,6-3,228,0.08786462272
43845,38,TE,Stephen Anderson,6-3,230,-0.2797661298733
43854,40,OLB,Brennan Scarlett,6-4,263,-0.060467971514
43938,8,DT,Antwaun Woods,6-1,318,0.17444662573
43971,39,FB,C.J. Ham,5-11,235,-0.042934259931
43986,67,CB,Antonio Hamilton,6-0,190,-0.30718173978
44009,5,TE,J.P. Holtz,6-3,240,-0.159379525625
44068,115,G,Lucas Patrick,6-3,313,-0.096569656253
44075,34,TE,Garrett Griffin,6-4,240,-0.144194409789
44174,99,ILB,Sam Eguavoen,6-1,236,0.072658377021
44202,102,CB,Tevaughn Campbell,6-0,200,-0.318156549665
44792,96,TE,Mo Alie-Cox,6-5,267,-0.10809953108
44813,189,DE,Myles Garrett,6-4,272,0.3047833125
44814,3,QB,Mitchell Trubisky,6-2,215,0.156589155681
44815,128,DT,Solomon Thomas,6-2,280,0.082598983701
44816,161,RB,Leonard Fournette,6-0,228,-0.268321761817
44818,260,SS,Jamal Adams,6-1,213,-0.53008593087
44820,63,RB,Christian McCaffrey,5-11,205,-0.3439137250449
44822,280,QB,Patrick Mahomes,6-3,230,0.16406201504
44825,195,OLB,Haason Reddick,6-1,235,0.37769780164
44826,154,DE,Derek Barnett,6-3,259,0.118551499636
44827,65,FS,Malik Hooker,6-1,212,-0.270228765922
44828,257,CB,Marlon Humphrey,6-0,197,0.15625099563
44829,200,DT,Jonathan Allen,6-3,300,0.2115145075
44830,237,CB,Adoree' Jackson,5-11,185,-0.54023704192
44831,79,TE,O.J. Howard,6-6,250,-0.0102926898951
44832,257,T,Garett Bolles,6-5,300,-0.0634108813672
44834,152,OLB,Charles Harris,6-3,250,0.241810278078
44837,135,SS,Jabrill Peppers,5-11,213,0.28835165238514
44838,129,DE,Takkarist McKinley,6-2,265,-0.154758836584
44839,196,CB,Tre'Davious White,5-11,192,0.27002293776
44841,124,TE,David Njoku,6-4,246,0.00800702632
44842,143,OLB,T.J. Watt,6-4,252,0.11547080777
44844,163,T,Ryan Ramczyk,6-6,314,-0.30176966209
44845,85,CB,Kevin King,6-3,200,0.25591384996
44846,218,T,Cam Robinson,6-6,320,-0.21765301547
44847,136,DT,Malik McDowell,6-6,299,0.119579719133
44848,229,SS,Budda Baker,5-10,195,0.27424792095
44851,115,FS,Marcus Maye,6-0,207,-0.0339664789
44853,90,RB,Dalvin Cook,5-10,210,0.11170798326
44857,73,TE,Adam Shaheen,6-6,257,0.014921025669
44859,183,OLB,Tyus Bowser,6-3,240,0.0168001388492
44860,121,RB,Joe Mixon,6-1,220,-0.23466155971
44863,76,DE,DeMarcus Walker,6-4,280,0.1752834007095
44867,101,DT,Dalvin Tomlinson,6-3,318,0.063612983291
44869,114,ILB,Zach Cunningham,6-3,238,0.126424706858
44871,94,DE,Tanoh Kpassagnon,6-7,289,0.201509289975
44872,202,CB,Chidobe Awuzie,6-0,202,-0.24582816825
44875,222,T,Dion Dawkins,6-5,320,-0.25979670738
44876,272,T,Taylor Moton,6-5,325,-0.369155423
44877,184,DT,Larry Ogunjobi,6-3,305,0.3059704749
44879,128,RB,Alvin Kamara,5-10,215,0.059035994362
44880,142,DE,Dawuane Smoot,6-3,264,0.2281478834
44882,41,C,Pat Elflein,6-3,303,-0.184237443432
44886,139,DE,Chris Wormley,6-5,300,-0.39150990725
44887,6,ILB,Duke Riley,6-1,230,0.02666842345
44888,211,ILB,Alex Anzalone,6-3,240,-0.002813431958
44892,128,DE,Tarell Basham,6-4,266,0.184654349491
44893,184,CB,Fabian Moreau,6-0,204,0.61363810201
44902,194,CB,Shaquill Griffin,6-0,198,0.61994164557
44904,183,CB,Jourdan Lewis,5-10,195,-0.27649361447
44905,36,DE,Montravius Adams,6-4,304,0.098535609604
44912,92,TE,Jonnu Smith,6-3,248,-0.22139162087
44915,204,DE,Trey Hendrickson,6-4,270,0.3584012008
44917,66,RB,James Conner,6-1,233,0.124013279376
44922,50,DT,Jaleel Johnson,6-3,316,0.2722414726
44925,217,SS,Eddie Jackson,6-0,202,-0.25719647688
44926,193,SS,Rayshawn Jenkins,6-1,220,0.116674482657
44927,73,RB,Samaje Perine,5-11,240,-0.55310432741
44937,108,OLB,Jalen Reeves-Maybin,6-0,233,-0.016059247854
44938,74,DE,Samson Ebukam,6-3,245,0.33366151644
44942,8,T,David Sharpe,6-6,330,-0.08322531193
44943,118,T,Julien Davenport,6-7,325,-0.156855350577
44944,124,DE,Deatrich Wise,6-5,275,0.14253462994835
44947,84,RB,Jamaal Williams,6-0,213,-0.149769639186
44949,17,G,Sean Harlow,6-4,284,-0.0012666885809
44955,75,DE,Carlos Watkins,6-3,297,0.36541135314
44956,22,RB,Marlon Mack,6-0,210,-0.122128404352
44957,123,DT,Grover Stewart,6-4,315,0.33207576248
44964,154,CB,Desmond King,5-10,201,-0.185710892804
44968,49,ILB,Jayon Brown,6-0,226,-0.07056270256
44970,2,T,Will Holden,6-7,312,-0.095695216542
44974,112,MLB,Anthony Walker,6-1,230,-0.153678083119
44976,125,OLB,Matt Milano,6-0,223,0.39705087918
44984,1,QB,Nathan Peterman,6-2,225,-0.1095360328323
44987,69,TE,Eric Saubert,6-5,253,0.128402358297
44991,102,NT,Davon Godchaux,6-3,311,0.38884669475
44995,140,RB,Aaron Jones,5-9,208,0.106008802278
44999,258,SS,Chuck Clark,6-0,205,-0.04846928894
45006,29,OLB,Jordan Evans,6-3,242,-0.11854342137
45007,11,DT,Vincent Taylor,6-3,311,0.06156582557
45008,10,ILB,Tanner Vallejo,6-1,228,0.448680019951
45009,161,DE,Al-Quadin Muhammad,6-4,250,0.717145856
45011,82,DT,D.J. Jones,6-0,321,-0.08032482982
45012,259,C,Chase Roullier,6-4,312,-0.191324452664
45020,45,FS,Brandon Wilson,5-10,200,0.11073876438
45021,58,SS,Rudy Ford,6-0,204,-0.097713422152
45033,8,DE,Ifeadi Odenigbo,6-3,258,-0.122762549621
45038,20,DE,Isaac Rochell,6-4,280,0.009711101858
45042,71,FS,Adrian Colbert,6-2,205,-0.2095866088
45045,21,OLB,Elijah Lee,6-2,229,-0.13713835321
45056,197,G,Kyle Fuller,6-5,320,-0.1580904234002
45063,7,DE,Pat O'Connor,6-4,270,-0.14478056228
45094,33,TE,Johnny Mundt,6-4,232,-0.256258070071
45142,25,TE,Darrell Daniels,6-3,256,-0.117210412105
45159,17,QB,Phillip Walker,5-11,212,0.33423428924
45203,6,DE,Tashawn Bower,6-5,250,0.33777582759
45215,145,OLB,Eric Wilson,6-1,230,0.0693504805511
45217,16,TE,Cethan Carter,6-3,248,0.0990993234
45226,89,NT,Josh Tupou,6-3,345,0.24673944043
45244,32,QB,Taysom Hill,6-2,221,0.22612488723
45268,112,FB,Patrick Ricard,6-3,311,-0.1489800852716
45274,175,DE,Adam Butler,6-5,300,0.150953572823
45281,40,TE,Jacob Hollister,6-4,245,-0.242962096746
45287,232,CB,Kenny Moore,5-9,190,-0.281837323818
45302,30,CB,Torry McTyer,5-11,188,0.11355720597
45321,36,TE,Antony Auclair,6-6,256,-0.27860675701
45339,103,TE,Pharaoh Brown,6-6,258,-0.434480591438
45395,67,CB,Arthur Maulet,5-10,190,-0.07820033458
45481,169,TE,Ricky Seals-Jones,6-5,243,0.100849285174
45532,110,TE,Blake Jarwin,6-5,260,0.042102727156
45533,19,ILB,Joseph Jones,6-0,231,-0.36753299738
45550,59,T,Elijah Wilkinson,6-6,329,-0.5069069275
45573,151,RB,Austin Ekeler,5-10,200,0.5010035069029
45594,13,TE,Colin Thompson,6-4,255,0.048550771952
45630,211,T,Storm Norton,6-7,317,-0.22767492527
45635,149,TE,Robert Tonyan,6-5,237,0.13620902206
45719,9,RB,Dare Ogunbowale,5-10,205,-0.1695640987847
45785,129,TE,Dan Arnold,6-6,220,-0.1225255523678
46070,186,QB,Baker Mayfield,6-1,215,0.106400821076
46071,120,RB,Saquon Barkley,5-11,233,-0.55300358674
46072,255,QB,Sam Darnold,6-3,225,0.228502533
46073,187,CB,Denzel Ward,5-11,191,-0.20487236864
46074,13,OLB,Bradley Chubb,6-4,275,0.152978956543
46075,104,G,Quenton Nelson,6-5,330,-0.16072564918
46076,221,QB,Josh Allen,6-5,237,0.090391674056
46077,217,ILB,Roquan Smith,6-0,230,-0.241102816245
46080,216,SS,Minkah Fitzpatrick,6-1,207,0.2016429397
46081,170,NT,Vita Vea,6-4,347,0.0303563011656
46082,212,DT,Daron Payne,6-3,320,0.2229386361
46083,35,DE,Marcus Davenport,6-6,265,0.056619195108
46085,182,MLB,Tremaine Edmunds,6-5,250,-0.180596393763
46086,182,FS,Derwin James,6-2,215,0.033684362169
46088,100,OLB,Leighton Vander Esch,6-4,256,0.337710925002
46089,136,C,Frank Ragnow,6-5,311,0.003934483295
46090,227,C,Billy Price,6-4,312,-0.229393481352
46091,142,ILB,Rashaan Evans,6-2,234,-0.24856539827
46092,201,T,Isaiah Wynn,6-2,310,-0.325098369759
46094,145,TE,Hayden Hurst,6-4,245,-0.291730770945
46097,211,SS,Terrell Edmunds,6-1,217,-0.134248273641
46098,35,DT,Taven Bryan,6-4,291,0.0377098204664
46101,260,QB,Lamar Jackson,6-2,212,0.376876466
46102,222,G,Austin Corbett,6-4,305,-0.21495226857
46103,267,G,Will Hernandez,6-2,327,-0.215684347565
46104,71,RB,Nick Chubb,5-11,225,-0.102584727942
46105,228,MLB,Shaquille Leonard,6-2,230,0.407264941602
46108,210,G,James Daniels,6-3,305,-0.199780395797
46110,236,OLB,Harold Landry,6-2,250,0.18409503767
46117,115,OLB,Uchenna Nwosu,6-2,251,0.028533252114
46119,215,G,Connor Williams,6-5,298,-0.160132450337
46121,63,DE,Kemoko Turay,6-5,248,0.116207608621
46122,63,SS,M.J. Stewart,5-11,205,0.17593388223
46123,242,FS,Jessie Bates,6-1,200,0.08824991233
46127,81,CB,Isaiah Oliver,6-0,210,-0.124852633141
46131,218,T,Brian O'Neill,6-7,297,-0.115652308089
46132,154,CB,Carlton Davis,6-1,206,-0.211276710801
46133,176,DE,Tyquan Lewis,6-3,277,0.2063002891909
46135,161,OLB,Lorenzo Carter,6-5,250,0.090308476965
46137,154,SS,Justin Reid,6-1,204,0.171013251458
46138,118,DT,B.J. Hill,6-3,311,0.130274075537
46139,179,MLB,Fred Warner,6-3,236,0.48508038318
46140,64,RB,Royce Freeman,6-0,238,-0.604584230027
46141,64,DT,Nathan Shepherd,6-4,315,-0.38792139215
46142,229,ILB,Jerome Baker,6-2,225,0.390977159452
46143,101,T,Geron Christian,6-6,315,-0.31952365811
46144,83,DT,Derrick Nnadi,6-1,310,0.1355830340091
46146,220,DE,Sam Hubbard,6-5,265,-0.0318423230842
46148,178,DE,Rasheem Green,6-4,279,0.0502827724742
46151,180,FS,Tracy Walker,6-1,210,0.011550573166
46152,297,T,Orlando Brown,6-8,345,-0.152482482763
46153,10,DT,Justin Jones,6-3,309,0.14045441388
46155,216,TE,Mark Andrews,6-5,255,-0.270804868943
46156,53,DE,Arden Key,6-5,240,0.2596455156
46157,65,ILB,Oren Burks,6-3,233,-0.07616155962
46162,138,SS,Ronnie Harrison,6-3,214,0.320308932616
46163,273,G,Alex Cappa,6-6,305,-0.047868891252
46165,30,DT,Harrison Phillips,6-3,307,0.0565789106212
46166,1,C,Mason Cole,6-5,292,0.0667018635141
46167,131,TE,Jordan Akins,6-4,243,0.089953422155
46168,36,CB,Isaac Yiadom,6-1,190,0.14681789426
46169,2,OLB,Dorian O'Daniel,6-1,220,0.302619855524
46170,154,TE,Ian Thomas,6-3,260,-0.145461346104
46171,6,DE,Jalyn Holmes,6-5,283,0.2571767585666
46173,97,RB,Nyheim Hines,5-9,198,-0.167715123502
46175,52,ILB,Josey Jewell,6-1,236,0.0246258831084
46180,222,C,Brian Allen,6-2,302,-0.229588315918
46185,45,DE,Dorance Armstrong,6-4,255,0.22310436797
46186,181,SS,Jordan Whitehead,5-10,198,-0.1101487827537
46187,256,CB,Anthony Averett,5-11,178,-0.277425123
46188,135,ILB,Kyzir White,6-2,216,0.828501746
46189,120,TE,Will Dissly,6-4,267,-0.337334294096
46190,179,CB,Taron Johnson,5-11,192,0.0828725919
46191,213,ILB,Kenny Young,6-1,235,-0.234039693108
46192,114,TE,Durham Smythe,6-6,260,-0.1408192236
46194,166,CB,Avonte Maddox,5-9,184,-0.241673959937
46197,70,DE,Kentavius Street,6-2,287,-0.05570787603
46198,29,T,Will Richardson,6-6,303,-0.128653053835
46199,146,DE,Josh Sweat,6-5,253,0.012017979867
46203,149,RB,Chase Edmonds,5-9,210,0.094749987152
46204,141,DE,John Franklin-Myers,6-4,288,-0.1539796047
46205,36,DE,Marquis Haynes,6-2,235,0.321039887527
46206,151,TE,Dalton Schultz,6-5,242,-0.309093411187
46209,10,DT,Maurice Hurst,6-2,291,0.04548878423
46212,116,ILB,Ja'Whaun Bentley,6-2,255,0.13567440006
46214,142,DE,Bilal Nichols,6-3,313,0.07787121378011
46216,11,ILB,Micah Kiser,6-0,244,-0.02136222431
46219,71,OLB,Genard Avery,6-0,250,-0.072235932448
46221,200,SS,Dane Cruikshank,6-1,209,-0.4785222608
46226,185,TE,Tyler Conklin,6-3,254,-0.2178461112367
46229,49,OLB,Ogbonnia Okoronkwo,6-1,253,-0.0724345001816
46230,178,MLB,Jermaine Carter,6-0,225,0.9679926622
46232,45,DT,Tim Settle,6-3,308,0.170303455663
46235,218,G,Wyatt Teller,6-4,315,-0.103462378976
46240,34,QB,Mike White,6-4,225,0.0123508374183
46249,100,DT,Folorunso Fatukasi,6-4,318,-0.04855721725
46250,14,OLB,Kylie Fitts,6-3,260,0.0643358363529
46253,37,OLB,Marcell Harris,6-0,208,0.20588025708
46255,114,DE,Jacob Martin,6-2,242,0.20902314816
46259,165,FS,DeShon Elliott,6-1,210,0.17238982227
46264,185,NT,Sebastian Joseph,6-4,310,0.4114311029
46267,4,G,Reginald McKenzie,6-3,320,0.038985253558
46269,207,ILB,Foyesade Oluokun,6-2,215,0.011538028295
46275,101,T,Matt Pryor,6-7,332,-0.09682360263
46284,253,C,Bradley Bozeman,6-5,317,-0.2847006448
46302,158,T,Jordan Mailata,6-8,344,-0.168828014864
46304,27,OLB,Zaire Franklin,6-0,236,0.114674813
46307,88,DT,Zach Sieler,6-6,290,0.249645776992
46313,7,OLB,Justin Lawler,6-4,265,-0.112835076282
46320,37,RB,Justin Jackson,6-0,200,-0.28194204878
46322,34,WR,Auden Tate,6-5,228,-0.93480894683
46354,95,CB,Emmanuel Moseley,5-11,184,0.154212148
46367,22,RB,Phillip Lindsay,5-8,190,-0.32980774499131
46387,12,DT,Kendal Vickers,6-3,295,-0.38614140237
46416,36,OLB,Jacob Tuioti-Mariner,6-2,285,-0.175506204584
46424,21,FB,Jason Cabinda,6-1,235,0.091049863007
46438,42,NT,Tyler Lancaster,6-3,315,0.124564501435
46457,88,OLB,Olasunkanmi Adeniyi,6-1,248,-0.4526323849
46487,144,NT,Poona Ford,5-11,310,-0.0914123699571
46504,14,DT,Daniel Ekuale,6-3,300,-0.05867492789
46521,156,ILB,Ben Niemann,6-2,233,-0.1612866792498
46526,141,RB,Darrel Williams,5-11,224,-0.228679219072
46527,57,OLB,Frankie Luvu,6-3,235,0.338014131963
46536,7,FB,Johnny Stanton,6-2,245,-0.150195400518
46543,25,DE,Henry Mondeaux,6-4,280,0.55611178987
46618,35,DT,Taylor Stallworth,6-2,305,0.177512117575
46629,46,C,Nick Gates,6-5,307,-0.151044531269
46652,197,CB,Chandon Sullivan,5-11,189,-0.14115231353
46657,38,OLB,Dennis Gardeck,6-0,232,0.097744485145
46672,73,CB,Tavierre Thomas,5-10,205,-0.019702633907
46679,150,C,Evan Brown,6-2,302,-0.169068792122
46680,187,SS,Sean Chandler,5-10,205,0.135944362534
46689,32,G,Ike Boettger,6-6,318,-0.02301229655
46700,78,CB,Tre Herndon,5-11,185,-0.30637882213
46757,74,CB,Charvarius Ward,6-1,195,0.54515191283
46775,221,CB,J.C. Jackson,6-1,198,-0.0526404624
46778,2,FS,A.J. Moore,5-11,202,-0.526532827213
46786,2,DE,Bunmi Rotimi,6-4,275,-0.039382518057
46796,7,DE,Demone Harris,6-4,272,-0.32163206914
46843,4,OLB,Sharif Finch,6-4,250,-0.58392055746
46902,51,OLB,Robert Spillane,6-1,229,-0.31864072709
46958,103,MLB,Chris Board,6-2,230,-0.027688640922
47016,176,ILB,A.J. Johnson,6-2,255,0.0551805158
47180,2,QB,John Wolford,6-1,200,0.228899892183
47605,29,RB,D'Ernest Johnson,5-10,208,-0.05678272766
47749,32,FB,Jakob Johnson,6-3,255,-0.340508960042
47784,205,QB,Kyler Murray,5-10,207,-0.0476792904655
47785,138,DE,Nick Bosa,6-4,266,0.29953069519
47786,133,NT,Quinnen Williams,6-3,303,0.0463992469
47787,53,DE,Clelin Ferrell,6-4,265,-0.081572475542
47788,279,ILB,Devin White,6-0,237,-0.070543993945
47789,245,QB,Daniel Jones,6-5,220,0.375554109
47790,165,OLB,Josh Allen,6-5,262,0.0347429982689
47791,256,TE,T.J. Hockenson,6-5,248,-0.037281477357
47792,117,DT,Ed Oliver,6-1,287,0.107640601989
47793,120,ILB,Devin Bush,5-11,233,0.19248701814
47794,224,T,Jonah Williams,6-4,305,-0.459930387
47795,184,OLB,Rashan Gary,6-5,277,0.33911871113
47796,143,DT,Christian Wilkins,6-4,315,0.26528161454
47797,256,G,Chris Lindstrom,6-4,307,-0.1253348828571
47799,196,DE,Brian Burns,6-5,250,0.111968036116
47800,154,DE,Dexter Lawrence,6-4,342,0.342753644788
47801,218,C,Garrett Bradbury,6-3,305,0.030838238511
47802,223,DT,Jeffery Simmons,6-4,300,-0.33855777195
47803,231,TE,Noah Fant,6-4,249,-0.14794379434
47804,231,SS,Darnell Savage,5-11,200,-0.65976515994
47805,161,T,Andre Dillard,6-5,315,-0.105618780949
47806,214,T,Tytus Howard,6-5,322,-0.33755069227
47809,212,DE,Montez Sweat,6-6,262,0.404413818
47810,275,SS,Johnathan Abram,6-0,205,0.3691710405
47811,157,DT,Jerry Tillery,6-6,295,-0.0730193729167
47812,19,DE,L.J. Collier,6-2,291,-0.225728955693
47814,218,T,Kaleb McGary,6-6,306,-0.25206311505
47816,184,CB,Byron Murphy,5-11,190,0.090162804716
47818,218,T,Jawaan Taylor,6-5,312,-0.121238346852
47821,123,G,Cody Ford,6-3,329,-0.152950326468
47823,115,CB,Trayvon Mullen,6-2,200,0.3793219448945
47824,219,G,Dalton Risner,6-5,312,-0.0215270927349
47825,23,QB,Drew Lock,6-4,228,-0.0535604325
47826,5,MLB,Jahlani Tavai,6-2,250,0.45899430247
47827,109,G,Elgton Jenkins,6-5,310,-0.232276319289
47828,77,CB,Joejuan Williams,6-3,212,-0.13565781741
47829,119,CB,Greedy Williams,6-2,184,-0.45827045671
47830,65,FS,Marquise Blair,6-2,195,0.08004757781
47832,41,DE,Ben Banogu,6-3,252,0.2932506883628
47835,54,TE,Drew Sample,6-4,259,-0.01750260597
47836,131,RB,Miles Sanders,5-11,211,-0.091190273207
47838,193,G,Max Scharping,6-6,325,-0.16614251758
47840,19,TE,J.J. Arcega-Whiteside,6-2,225,-0.016656543211
47844,270,FS,Taylor Rapp,6-0,208,0.30205981492
47846,146,FS,Juan Thornhill,6-0,205,-0.32639456905
47848,99,DE,Zach Allen,6-4,281,-0.0040116246856
47853,162,RB,Darrell Henderson,5-8,200,-0.070664772337
47854,166,DE,Dre'Mont Jones,6-3,281,0.261972289029
47855,101,OLB,Germaine Pratt,6-2,245,-0.158755550383
47856,74,RB,David Montgomery,5-10,222,-0.005461237949
47857,126,RB,Devin Singletary,5-7,203,0.120889344414
47860,46,DE,Chase Winovich,6-3,251,0.07574471755
47863,33,OLB,Sione Takitaki,6-1,238,-0.084323887529
47864,191,SS,Will Harris,6-1,207,-0.02190090206
47867,63,DT,Khalen Saunders,6-0,324,0.163735242627
47868,6,OLB,Jaylon Ferguson,6-5,275,-0.34017731833
47870,83,RB,Damien Harris,5-11,215,0.01985956022
47871,20,MLB,Cody Barton,6-2,237,-0.394981825568
47872,232,MLB,Bobby Okereke,6-1,234,0.33883400962
47873,57,G,Connor McGovern,6-5,308,-0.104577161718
47874,6,T,Trey Pipkins,6-6,307,0.078976931198
47877,197,CB,Jamel Dean,6-1,206,-0.48362410995
47878,82,OLB,Oshane Ximines,6-4,250,0.09628366084722
47879,167,TE,Dawson Knox,6-4,254,-0.019179882997
47881,137,OLB,Quincy Williams,5-11,226,0.12214782719
47882,187,FS,Mike Edwards,5-10,200,-0.160272050574
47888,181,SS,Chauncey Gardner-Johnson,5-11,208,0.53013329298
47889,218,DE,Maxx Crosby,6-5,255,-0.0265336111
47890,58,OLB,Anthony Nelson,6-7,272,-0.0420379908874
47891,84,SS,Julian Love,5-11,193,-0.09653557702
47892,152,SS,Khari Willis,5-11,215,0.408915125155
47899,60,FS,Amani Hooker,5-11,210,0.3908915431
47900,52,OLB,Austin Bryant,6-6,261,-0.121009017736
47906,205,G,Ben Powers,6-4,310,-0.2458535481
47911,58,RB,Tony Pollard,6-0,209,-0.3307080152
47913,81,ILB,Drue Tranquill,6-2,234,-0.2851476825767
47914,43,G,Wes Martin,6-3,316,-0.404777120242
47915,122,FS,Ugochukwu Amadi,5-9,201,0.08268048353
47917,98,NT,Greg Gaines,6-1,312,0.4998156046
47919,83,G,Michael Jordan,6-6,315,-0.090646551353
47933,136,DE,Kingsley Keke,6-3,288,0.19896623092
47934,139,OLB,Andrew Van Ginkel,6-4,242,-0.0350803658965
47938,36,OLB,Mack Wilson,6-1,240,-0.428694007
47939,88,OLB,Justin Hollins,6-5,248,-0.0882781377117
47940,18,ILB,Blake Cashman,6-1,235,0.29133591212
47944,86,DE,Charles Omenihu,6-5,280,-0.005081048805
47947,10,OLB,E.J. Speed,6-4,230,-0.43897344266
47948,40,DE,Joe Jackson,6-4,275,-0.009642949323
47952,222,G,David Edwards,6-6,308,-0.236534771793
47956,274,OLB,Cole Holcomb,6-1,240,-0.0018722160649
47959,61,TE,Kaden Smith,6-5,252,0.090131471767
47971,237,ILB,David Long,5-11,224,0.20115142684
47973,65,NT,Armon Watts,6-5,295,-0.013592820126
47975,42,DE,Isaiah Buggs,6-3,295,0.26514469292
47976,218,T,Olisaemeka Udoh,6-5,323,0.028684179704
47985,4,T,Isaiah Prince,6-7,305,-0.061394679935
47987,56,RB,Travis Homer,5-10,202,-0.090531130004
47995,176,G,Dennis Daley,6-6,324,-0.120432714733
47996,44,SS,Donovan Wilson,6-0,204,0.55144930371
48008,6,DE,Darryl Johnson,6-6,253,-0.40592797161
48011,21,TE,Tommy Sweeney,6-5,251,0.062226638995
48017,137,RB,Myles Gaskin,5-10,200,-0.0481314849413
48026,111,SS,Nick Scott,5-11,200,-0.61170619936
48027,61,OLB,Kaden Elliss,6-3,240,0.36523812092
48032,46,DE,Michael Dogbe,6-3,284,0.128900513901
48034,19,OLB,Dakota Allen,6-1,232,-0.042489763702
48085,3,T,Fred Johnson,6-7,326,0.00155537577
48089,189,OLB,Malik Reed,6-2,235,0.0676990386025
48096,8,TE,Andrew Beck,6-3,255,-0.028462662924
48123,30,DT,Kevin Givens,6-1,285,0.33906300686
48145,68,DE,Wyatt Ray,6-3,255,0.22614604899
48158,31,G,Alex Bars,6-5,314,-0.1352475956106
48159,210,C,Sam Mustipher,6-2,311,-0.0820860091058
48198,60,NT,Bryan Mone,6-3,366,0.215595336309
48220,198,G,Patrick Mekari,6-4,308,-0.13747837057
48247,35,DE,Tim Ward,6-6,255,-0.0749064563
48268,168,MLB,Azeez Al-Shaair,6-2,228,0.41585175229
48364,43,OLB,Del'Shawn Phillips,6-2,230,0.18524971839
48447,7,FS,P.J. Locke,5-10,202,0.10889417274
48455,286,T,Matt Nelson,6-7,299,-0.0672633575223
48456,87,TE,Donald Parham,6-8,237,-0.39955048526
48462,14,DE,Kevin Strong,6-4,285,0.38672663459
48473,5,DE,Jonathan Ledbetter,6-4,280,0.11555065117
48475,3,TE,Chris Myarick,6-5,255,-0.13041114959
48476,168,CB,Nik Needham,6-0,193,0.154662376493
48482,14,MLB,Tyrel Dodson,6-0,237,-0.06233523101
48485,103,G,Blake Hance,6-5,310,-0.0893560314811
48487,22,CB,Cameron Lewis,5-9,185,-0.50508840672
48508,182,FS,Andrew Wingard,6-0,209,-0.1835188614627
48512,5,C,Ryan Bates,6-4,300,0.3281469243095
48520,3,DT,Anthony Rush,6-5,350,0.0436844287
48524,26,CB,Anthony Chesley,6-0,190,-0.159549768
48537,92,DE,Carl Granderson,6-5,261,-0.087368976086
48544,83,DT,Shy Tuttle,6-3,300,0.188707965591
48554,4,OLB,Andrew Dowell,6-1,225,0.174844506542
48565,22,CB,Chris Westry,6-4,197,-0.0700151327013
48566,2,DE,Daniel Wise,6-3,279,0.483568061223
48581,24,CB,Roderic Teamer,6-0,205,0.23033090283
48599,47,DT,Albert Huggins,6-3,305,0.105927073412
48663,34,DE,Amani Bledsoe,6-4,280,0.35906977413
48671,2,OLB,Derick Roberson,6-3,250,0.06483550363
48780,132,ILB,Troy Reeder,6-3,245,-0.026677909691
49410,221,FS,Jalen Thompson,5-11,190,-0.02017101846
52409,221,QB,Joe Burrow,6-4,216,0.396583527
52410,242,DE,Chase Young,6-5,265,-0.024206423234
52412,166,T,Andrew Thomas,6-5,326,-0.522426303
52413,100,QB,Tua Tagovailoa,6-1,218,0.24631758
52414,238,QB,Justin Herbert,6-6,237,0.254437977
52415,140,DT,Derrick Brown,6-5,318,0.103892633484
52416,218,ILB,Isaiah Simmons,6-3,225,-0.449757265619
52418,118,T,Jedrick Wills,6-5,320,-0.262442600638
52421,273,T,Tristan Wirfs,6-5,322,-0.316000546
52422,70,DT,Javon Kinlaw,6-6,310,-0.220016979956
52425,198,WR,CeeDee Lamb,6-2,189,-0.162939968295
52426,248,T,Austin Jackson,6-6,310,-0.180096136166
52428,74,OLB,K'Lavon Chaisson,6-4,250,-0.274820279788
52431,65,ILB,Kenneth Murray,6-3,234,0.04973605154
52432,163,G,Cesar Ruiz,6-3,319,-0.219677813063
52434,3,QB,Jordan Love,6-4,220,0.02692809551
52435,188,OLB,Jordyn Brooks,6-1,245,-0.3342564278
52436,181,MLB,Patrick Queen,6-1,227,0.27689584294
52438,43,CB,Noah Igbinoghene,5-11,196,0.052247851658
52440,84,RB,Clyde Edwards-Helaire,5-8,209,-0.213584383522
52442,201,WR,Michael Pittman,6-4,220,-0.039383551254
52443,212,RB,D'Andre Swift,5-10,211,-0.0494918345231
52444,231,FS,Xavier McKinney,6-1,197,0.12441958943
52445,199,FS,Kyle Dugger,6-2,216,2.88001949
52446,43,DE,Yetur Gross-Matos,6-5,264,0.383982971569
52447,267,G,Robert Hunt,6-5,322,-0.265215697232
52448,55,DT,Ross Blacklock,6-4,305,0.126290089866
52450,171,WR,Laviska Shenault,6-2,220,0.019199976682
52451,175,TE,Cole Kmet,6-6,258,-0.2931681980719
52452,110,SS,Grant Delpit,6-3,203,0.195989028556
52453,198,FS,Antoine Winfield,5-9,205,0.289313759983
52455,42,DT,Marlon Davidson,6-3,279,0.17509828775
52456,96,DE,Darrell Taylor,6-3,253,-0.19807092782993
52461,242,QB,Jalen Hurts,6-2,218,-0.0505527068343
52462,76,DE,A.J. Epenesa,6-5,280,0.0987058423053
52464,47,NT,Raekwon Davis,6-7,310,0.134317897782
52466,218,G,Ezra Cleveland,6-6,310,-0.179982790586
52468,121,OLB,Josh Uche,6-2,250,-0.049927747507
52469,142,CB,Kristian Fulton,6-0,200,-0.06068415604
52470,61,RB,A.J. Dillon,6-1,250,0.41903633064
52471,33,OLB,Willie Gay,6-2,235,0.25028525391
52472,230,FS,Jeremy Chinn,6-3,212,-0.077427895103
52473,239,ILB,Logan Wilson,6-2,250,0.03293328439
52474,99,RB,Antonio Gibson,6-2,221,-0.052972959175
52475,70,OLB,Julian Okwara,6-5,241,-0.27262506712
52476,72,SS,Ashtyn Davis,6-1,200,-0.08357667223
52477,160,G,Damien Lewis,6-3,332,-0.383012128103
52478,129,SS,Brandon Jones,6-0,205,-0.196199294196
52479,90,DT,Justin Madubuike,6-3,300,0.1260844309406
52480,198,G,Josh Jones,6-7,310,-0.13066112256534
52481,54,DT,Davon Hamilton,6-4,310,0.0262008400503
52482,43,OLB,Zack Baun,6-3,235,-0.226967203424
52483,286,G,Jonah Jackson,6-4,305,-0.090606740729
52486,256,C,Matt Hennessy,6-4,290,-0.16757453037
52491,266,C,Lloyd Cushenberry,6-4,315,0.0881978476101
52492,147,OLB,Terrell Lewis,6-5,252,-0.01066187443
52493,203,FS,Julian Blackmon,6-1,204,-0.46942906656
52494,86,RB,Zack Moss,5-10,215,-0.245334955422
52496,68,DT,Jordan Elliott,6-4,315,0.149175575618
52498,68,DE,Jonathan Greenard,6-3,259,-0.0127837836635
52502,29,TE,Josiah Deguara,6-3,240,0.018595676158
52503,12,DE,McTelvin Agim,6-3,300,0.3084490931688
52504,190,T,Lucas Niang,6-7,328,-0.025319462441
52506,88,OLB,Malik Harrison,6-3,245,0.56223595839
52507,115,T,Matt Peart,6-7,303,-0.353961814348
52510,126,OLB,Alex Highsmith,6-4,242,0.2020384597
52512,9,FS,Terrell Burgess,6-0,198,0.01988894258
52513,113,TE,Adam Trautman,6-6,253,-0.621453011624
52514,54,G,Tyre Phillips,6-5,345,-0.173362837538
52515,140,ILB,Akeem Davis-Gaither,6-2,215,-0.0969795825669
52518,88,CB,Darnay Holmes,5-10,198,0.036054392705
52520,28,RB,Joshua Kelley,5-11,219,0.0989053938615
52522,60,DT,Leki Fotu,6-5,335,2.44970700000037e-06
52523,68,TE,Harrison Bryant,6-5,240,-0.006120061151
52524,82,T,Ben Bartch,6-6,305,-0.052201056077
52525,151,DE,D.J. Wonnum,6-5,260,0.060570358937
52526,56,TE,Albert Okwuegbunam,6-5,255,0.203175843418
52527,17,ILB,Mykal Walker,6-3,219,0.167412181623
52530,4,QB,Jacob Eason,6-6,227,0.464075109414
52534,99,T,Charlie Heck,6-8,315,-0.837903953
52538,9,NT,James Lynch,6-4,295,0.249604224371
52539,49,NT,Rashard Lawrence,6-2,308,0.219242878417
52541,36,TE,Colby Parkinson,6-7,251,-0.186025704266
52542,81,FS,Jaylinn Hawkins,6-2,210,-0.3158449713634
52546,228,CB,L'Jarius Sneed,6-1,193,-0.227268642894
52548,18,MLB,Shaquille Quarterman,6-1,235,-0.40810682554
52551,99,G,Ben Bredeson,6-4,325,0.343608111665
52553,149,T,Jack Driscoll,6-5,296,-0.185039124
52554,215,C,Tyler Biadasz,6-3,320,0.0073051257271
52556,59,DE,Alton Robinson,6-4,260,-0.1562128213636
52563,62,OLB,Trevis Gipson,6-4,268,-0.12021716727
52566,212,CB,Bryce Hall,6-1,201,0.4754257496
52570,4,MLB,Khaleke Hudson,6-0,220,0.07364937995
52578,36,DT,Broderick Washington,6-3,305,0.091360390325
52582,45,DT,Larrell Murchison,6-3,291,0.2865782783
52585,155,DE,Michael Danna,6-2,255,-0.2491994917801
52586,132,ILB,Justin Strnad,6-3,235,0.11183696433
52587,30,DE,Bradlee Anae,6-3,265,0.028228960598
52589,86,G,Netane Muti,6-3,307,0.154669899573
52590,193,G,Michael Onwenu,6-3,350,0.2086812509977
52591,2,OLB,Cam Brown,6-5,233,-0.45317269161
52592,46,DT,Bravvion Roy,6-1,333,0.085668787706
52600,174,G,Jon Runyan,6-5,321,-0.237896426506
52602,4,DT,Khalil Davis,6-2,315,-0.029959930203
52603,170,T,Justin Herron,6-5,290,-0.385332405489
52605,35,NT,John Penisini,6-2,333,-0.035077747494
52607,271,SS,Jordan Fuller,6-2,205,0.19696317821
52622,153,WR,Freddie Swain,6-0,199,0.121158666237
52623,18,ILB,Markus Bailey,6-1,240,-0.65963554089
52624,226,FS,Kamren Curl,6-2,203,0.47743635558
52626,25,ILB,Carter Coughlin,6-4,245,-0.26612276424
52637,74,DE,James Smith-Williams,6-3,265,0.081253927425
52640,9,DT,Carlos Davis,6-2,320,-0.051120646073
52641,29,DE,Casey Toohill,6-4,247,0.0798891277796
52643,3,DE,Jashon Cornell,6-3,285,-0.10061744029
52649,7,MLB,Chapelle Russell,6-1,230,-0.304296006046
52650,102,OLB,Jonathan Garvin,6-4,250,-0.0300343668649
52651,118,CB,Chris Jackson,6-0,186,0.02738388233
52662,14,OLB,Derrek Tuszka,6-5,246,-0.30788521499
52663,201,ILB,Tae Crowder,6-3,235,-0.169691351215
52665,92,DT,Malcolm Roach,6-3,290,-0.031357406031
52666,151,T,Calvin Throckmorton,6-5,318,-0.28362337465
52733,154,RB,James Robinson,5-10,220,-0.04758782427709
52759,15,DT,Chris Williams,6-2,305,0.2682953725
52762,23,RB,Tony Jones,5-11,225,-0.022574457606
52783,40,G,Yasir Durant,6-7,330,-0.46087849801
52792,107,DT,Tershawn Wharton,6-4,255,0.015804718136
52797,20,OLB,Joe Bachie,6-2,235,-0.205961248763
52805,26,DE,Joe Gaziano,6-4,275,0.070459106034
52829,6,NT,Breiden Fehoko,6-2,295,-0.118498801176
52830,12,DT,Eric Banks,6-4,270,0.009858266154
52835,51,DT,Michael Hoecht,6-4,310,0.067768635786
52846,42,DE,Jonah Williams,6-5,275,0.1668692424725
52852,16,FS,Myles Hartsfield,5-11,211,-0.55224054315
52858,13,FB,Giovanni Ricci,6-3,240,0.0502937282
52863,57,ILB,Krys Barnes,6-1,235,-0.009361341626
52886,18,OLB,Blake Lynch,6-3,225,0.33496038625
52887,5,DT,David Moa,6-3,296,4.94082539999936e-05
52894,29,C,Trystan Colon,6-4,315,-0.21315166783
52895,11,QB,Tyler Huntley,6-1,205,0.0130094171076
52922,47,RB,Salvon Ahmed,5-11,196,-0.118592552295
52932,22,OLB,Ladarius Hamilton,6-3,260,0.016567164683
52939,54,SS,Sam Franklin,6-3,210,0.5825428048
52945,18,CB,Jace Whittaker,5-11,185,0.26354970272
52971,37,OLB,Jamir Jones,6-3,255,-0.33379815173
52979,26,OLB,Chauncey Rivers,6-3,275,-0.13356443344
52991,57,CB,Myles Bryant,5-8,180,0.2987237769
53039,13,DE,Azur Kamara,6-4,235,-0.11306560405
53051,104,CB,Javelin Guidry,5-10,190,0.35203379559
53053,140,DE,Bryce Huff,6-3,255,-0.17679697165
53059,1,MLB,Kristian Welch,6-3,239,-0.19834808744
53073,92,DT,Teair Tart,6-3,290,-0.3923331778
53079,15,FB,Reggie Gilliam,6-1,255,0.051739899307
53091,3,RB,Artavis Pierce,5-11,208,0.25572091167
53180,77,RB,Ty'Son Williams,6-0,220,-0.1676105841859
53315,1,OLB,Aaron Patrick,6-4,245,0.0397183483
53430,218,QB,Trevor Lawrence,6-6,220,0.1213788346
53431,193,QB,Zach Wilson,6-2,208,0.194767926466
53432,60,QB,Trey Lance,6-4,226,-0.04371581806
53433,213,TE,Kyle Pitts,6-6,250,-0.113419405063
53436,286,T,Penei Sewell,6-6,325,-0.274691432641
53437,84,CB,Jaycee Horn,6-1,200,-0.6381737547146
53438,190,CB,Patrick Surtain,6-2,203,0.27644299264
53440,156,QB,Justin Fields,6-3,223,0.1864228033
53441,186,OLB,Micah Parsons,6-3,245,0.000411430594
53442,238,T,Rashawn Slater,6-3,305,-0.245485157224
53444,244,QB,Mac Jones,6-3,214,0.228961312576
53445,79,ILB,Zaven Collins,6-4,260,-0.08449400996397
53447,161,OLB,Jaelan Phillips,6-5,266,0.005350247811
53448,126,MLB,Jamin Davis,6-4,234,-0.254641824223
53450,88,DE,Kwity Paye,6-3,265,-0.1591092076506
53452,54,T,Christian Darrisaw,6-5,314,-0.16798778173
53457,90,DE,Payton Turner,6-6,270,-0.26168907744
53459,96,DE,Gregory Rousseau,6-7,253,-0.07759420012782
53460,185,OLB,Odafe Oweh,6-5,252,-0.1117549789788
53461,134,OLB,Joe Tryon,6-5,262,-0.186450837642
53462,106,CB,Tyson Campbell,6-2,185,-0.41570842582
53464,114,RB,Javonte Williams,5-10,220,0.090598188761
53465,202,FS,Jevon Holland,6-1,196,-0.44449053722
53466,201,G,Landon Dickerson,6-6,325,-0.2302100017121
53467,160,DT,Christian Barmore,6-5,310,-0.134331050406
53469,45,SS,Richie Grant,6-0,194,-0.207539459018
53470,47,DE,Levi Onwuzurike,6-3,293,-0.082592410203
53471,240,T,Liam Eichenberg,6-6,308,-0.180144877708
53472,273,FS,Trevon Moehrig,6-2,202,0.31078935541
53475,142,G,Jackson Carman,6-5,345,-0.180429712027
53479,155,OLB,Azeez Ojulari,6-2,250,-0.0422399620666
53480,148,T,Samuel Cosmi,6-5,295,-0.203048944352
53481,117,OLB,Jeremiah Owusu-Koramoah,6-1,215,-0.323964280052
53487,138,ILB,Nick Bolton,6-0,232,-0.50446771063
53489,110,OLB,Pete Werner,6-3,242,-0.290356999096
53490,32,DE,Carlos Basham,6-4,273,0.0782245707206
53491,115,C,Josh Myers,6-5,312,-0.558163163376
53492,297,C,Creed Humphrey,6-5,316,-0.0035422313138
53496,173,QB,Davis Mills,6-4,225,0.327750243
53497,253,G,Jalen Mayfield,6-5,320,-0.150971198099
53499,81,T,Brady Christensen,6-6,297,-0.265899222937
53501,58,NT,Alim McNeill,6-2,315,0.00891144292
53502,68,DT,Milton Williams,6-4,278,0.05653967728
53504,148,DT,Osa Odighizuwa,6-2,280,0.0131560867558
53509,18,OLB,Divine Deablo,6-3,223,0.21269390758
53510,8,TE,Hunter Long,6-5,253,0.143537851166
53512,99,TE,Tommy Tremble,6-4,248,0.01363771126
53513,78,DE,Chauncey Golston,6-5,270,-0.15750776409
53522,100,T,Spencer Brown,6-9,321,-0.085540639675
53523,50,G,Ben Cleveland,6-7,344,-0.0589662097137
53529,152,CB,Elijah Molden,5-10,190,-0.39384664852
53530,15,CB,Ifeatu Melifonwu,6-3,213,-0.004037774897
53532,32,ILB,Ernest Jones,6-2,230,0.14788357652
53533,125,FS,Brandon Stephens,6-0,206,-0.094123822303
53534,4,ILB,Baron Browning,6-3,240,-0.24568695302
53535,3,DT,Jay Tufele,6-3,305,0.24597214177
53540,124,DE,Cameron Sample,6-3,280,-0.1711844167079
53542,47,ILB,Derrick Barnes,6-1,245,-0.01181364494
53543,3,C,Drew Dalman,6-3,300,0.24737326917
53547,24,OLB,Chris Rumph,6-4,235,-0.2486704297013
53553,23,TE,John Bates,6-6,256,-0.346619771617
53555,106,RB,Chuba Hubbard,6-1,207,-0.015460713785
53564,5,OLB,Rashad Weaver,6-5,270,0.11755546335
53565,182,CB,Marco Wilson,5-11,191,0.455081465697
53571,202,T,Royce Newman,6-5,305,-0.093510523532
53573,24,DE,Joshua Kaindoh,6-7,265,0.0474324278298
53574,41,TE,Luke Farrell,6-6,258,-0.230515997271
53575,54,ILB,Jamien Sherwood,6-1,220,-0.10855787744
53577,53,DE,Ta'Quon Graham,6-4,285,0.1568712040439
53579,101,RB,Kenneth Gainwell,5-11,191,0.08780176238
53581,56,FS,Caden Sterns,6-1,205,0.13325462854
53583,166,CB,Michael Carter,5-10,190,-0.014929080236
53585,32,DE,Isaiahh Loudermilk,6-7,293,0.34702469361
53587,31,DT,Daviyon Nixon,6-3,305,0.2043299523881
53590,1,T,Tommy Doyle,6-8,315,0.11960836616
53596,228,CB,Nate Hobbs,6-0,195,-0.020501565878
53600,4,OLB,Daelin Hayes,6-3,258,0.045673747148
53601,114,CB,Deommodore Lenoir,5-11,202,0.344908367809
53602,23,DT,Tedarrell Slaton,6-5,340,-0.18418524719
53605,5,ILB,K.J. Britt,6-0,228,-0.14404548064
53609,38,SS,Talanoa Hufanga,6-1,215,0.1400286433
53611,82,OLB,Adetokunbo Ogundeji,6-4,268,-0.132371897744
53612,31,RB,Avery Williams,5-9,195,-0.523386729478
53615,12,ILB,Hamsah Nasirildeen,6-4,215,-0.012905861438
53618,5,DT,Marlon Tuipulotu,6-3,305,0.14763275354
53619,23,C,Trey Hill,6-3,330,-0.026794179241
53620,24,DE,Tarron Jackson,6-2,260,0.025628290294
53621,44,DT,Quinton Bohanna,6-5,355,0.319430792069
53624,74,DT,Roy Lopez,6-2,318,0.2069235660711
53627,28,RB,Larry Rountree,5-10,210,0.35579292758
53631,24,RB,Chris Evans,5-11,216,0.0176649871
53636,3,DT,Jonathan Marshall,6-3,317,0.150455363888
53639,8,OLB,Victor Dimukeje,6-3,265,0.1003209094
53645,22,OLB,Quincy Roche,6-3,232,0.2259314764
53646,70,RB,Khalil Herbert,5-9,212,-0.170917000954
53655,297,G,Trey Smith,6-6,325,0.025016462606
53662,12,RB,Jake Funk,5-10,205,-0.060089640514
53663,14,ILB,Patrick Johnson,6-2,251,-0.049757901242
53668,59,OLB,Jonathon Cooper,6-4,257,-0.092348976442
53674,132,FS,Tre Norwood,6-0,180,-0.16833164662
53675,5,DE,Shaka Toney,6-3,252,-0.19024514805
53679,24,NT,Khyiris Tonga,6-4,340,0.127069155526
53681,2,LB,Chris Garrett,6-4,245,-0.154498271645
53688,5,ILB,Grant Stuard,6-1,225,0.3292765876
53740,11,DT,Josiah Bronson,6-3,300,0.0983164053
53876,27,DE,Raymond Johnson,6-3,270,-0.052759950596
53900,48,DT,Naquan Jones,6-4,340,0.23158919122
53910,13,OLB,Sam Kamara,6-2,275,-0.12594144967
53930,18,OLB,Andre Mintze,6-3,249,0.281789609385
53935,6,DE,Darius Hodge,6-2,245,0.2875257454
53946,26,TE,Jack Stoll,6-4,260,-0.063111015776
53957,153,CB,A.J. Parker,5-11,178,-0.40751792507
53960,3,RB,Jaret Patterson,5-9,195,0.0796381365428
53978,11,DT,Austin Faoliu,6-3,295,0.15513534898
53991,3,DT,Forrest Merrill,6-1,320,-0.16146289393
53999,2,DT,Jack Heflin,6-4,312,-0.03710264357
